id,file,shipped,source_file,source_sha256,shipped_sha256,bytes,width,height,higgsfield_job_ids,model,csv_source
fruit_watermelon_whole,sprites/fruit_watermelon_whole.png,yes,design/sprites/fruit_watermelon_whole.png,5b7625c7918e6fd8cd1c402db394b19009999ed16dbfbef73a325a4261ae0b27,15e0373256e01e0822beb39b7a95ffdda74f38e39ee5e2511ab0181d253a2598,227577,512,512,7ef7e721-26ee-4e50-be0b-40e96c46faf5,gpt_image_2_5,"higgsfield gpt_image_2_5 (high, transparent) job 7ef7e721-26ee-4e50-be0b-40e96c46faf5 2026-09-30; sliced with design/tools/slice-sheet.mjs; file design/sprites/fruit_watermelon_whole.png"
fruit_watermelon_half_a,sprites/fruit_watermelon_half_a.png,yes,design/sprites/fruit_watermelon_half_a.png,4fbfe0407c611a4a5274620c7acaef81c788b06bea2b4d77e00b09c07ef16de7,d9692588388ea462379424c95e7bbb3baf31f7e3b8aaf8c8f622bcb463cd4051,221592,512,512,7ef7e721-26ee-4e50-be0b-40e96c46faf5,gpt_image_2_5,"higgsfield gpt_image_2_5 (high, transparent) job 7ef7e721-26ee-4e50-be0b-40e96c46faf5 2026-09-30; sliced with design/tools/slice-sheet.mjs; file design/sprites/fruit_watermelon_half_a.png"
fruit_watermelon_half_b,sprites/fruit_watermelon_half_b.png,yes,design/sprites/fruit_watermelon_half_b.png,455872d0904511caf1d46e124a6b07ceb36fcdfd464e9376071eb6d1dce9a7be,2949ca773169308464ee452ac1aeb6d3951b0315a1dc96376c1f720df86be07c,222835,512,512,7ef7e721-26ee-4e50-be0b-40e96c46faf5,gpt_image_2_5,"higgsfield gpt_image_2_5 (high, transparent) job 7ef7e721-26ee-4e50-be0b-40e96c46faf5 2026-09-30; sliced with design/tools/slice-sheet.mjs; file design/sprites/fruit_watermelon_half_b.png"
fx_splash_watermelon,sprites/fx_splash_watermelon.png,yes,design/sprites/fx_splash_watermelon.png,8abc01d4362200468190f9dba81e66f950b930519a7f4f8d67ea24db21e5b227,45645d6c9d1fb543d8abc2873b7178fdd133f7acba936ae49b4356e9f1e87303,111134,384,384,332c6e6f-56de-4244-977f-18872178a73d,gpt_image_2_5,"higgsfield gpt_image_2_5 (high, transparent) job 332c6e6f-56de-4244-977f-18872178a73d 2026-09-30; sliced with design/tools/slice-sheet.mjs; file design/sprites/fx_splash_watermelon.png"
fruit_pineapple_whole,sprites/fruit_pineapple_whole.png,yes,design/sprites/fruit_pineapple_whole.png,f11eea21be94b7eff05cf2664e68d0af002540c34527eb1e261fd4ed302d6183,80c4f175d48b3abcb90a0e638814c2692339d8029fedd987304d95a26574e1a6,139836,512,512,df5b411f-dfb9-40a9-852e-e56dc8426312,gpt_image_2_5,"higgsfield gpt_image_2_5 (high, 2k) job df5b411f-dfb9-40a9-852e-e56dc8426312 2026-09-30; file design/sprites/fruit_pineapple_whole.png; sliced with design/tools/slice-sheet.mjs"
fruit_pineapple_half_a,sprites/fruit_pineapple_half_a.png,yes,design/sprites/fruit_pineapple_half_a.png,67124bf6c75a26274f956ea6961f77662f590c2bbf4fd745854eb05fa72ae2a7,aa614505ad841f2b200d75830127f59e3350ea9002a33d3057badd377be9b705,118150,512,512,df5b411f-dfb9-40a9-852e-e56dc8426312,gpt_image_2_5,"higgsfield gpt_image_2_5 (high, 2k) job df5b411f-dfb9-40a9-852e-e56dc8426312 2026-09-30; file design/sprites/fruit_pineapple_half_a.png; sliced with design/tools/slice-sheet.mjs"
fruit_pineapple_half_b,sprites/fruit_pineapple_half_b.png,yes,design/sprites/fruit_pineapple_half_b.png,3d27914752394beb2ba052ce86482e0ff8ececa03d6bdb5956c8d200d5d08944,b34e6369c39a8b4ab5153759cb1f263468639e45b196d44be6a0fdbeeb8a201d,119403,512,512,df5b411f-dfb9-40a9-852e-e56dc8426312,gpt_image_2_5,"higgsfield gpt_image_2_5 (high, 2k) job df5b411f-dfb9-40a9-852e-e56dc8426312 2026-09-30; file design/sprites/fruit_pineapple_half_b.png; sliced with design/tools/slice-sheet.mjs"
fx_splash_pineapple,sprites/fx_splash_pineapple.png,yes,design/sprites/fx_splash_pineapple.png,f8580f7d76af4af64dab73823417cf11e5ef2158fed1765df56a6ec327a6c882,c4e91fe4e0364cae214e7d0e63dd8d26eb2cc0d3a09552af72a242348837d0e6,115718,384,384,a50d9ff4-1bc7-4680-9ede-8204b323b819,gpt_image_2_5,"higgsfield gpt_image_2_5 (high, 2k) job a50d9ff4-1bc7-4680-9ede-8204b323b819 2026-09-30; file design/sprites/fx_splash_pineapple.png; sliced with design/tools/slice-sheet.mjs"
fruit_apple_whole,sprites/fruit_apple_whole.png,yes,design/sprites/fruit_apple_whole.png,a8391aa157e4115d405de67aee6e0d3711d9407a9360705cab1e7f2792814815,36ca330aaf60abedb58b3601b907e0a8982e6c8adb996be872ddfdb4c5f223c5,195224,512,512,64472f6c-f9e1-4263-9290-d8d5bbbb27f6,gpt_image_2_5,"higgsfield gpt_image_2_5 (high, transparent) job 64472f6c-f9e1-4263-9290-d8d5bbbb27f6 2026-09-30; sliced with design/tools/slice-sheet.mjs; file design/sprites/fruit_apple_whole.png"
fruit_apple_half_a,sprites/fruit_apple_half_a.png,yes,design/sprites/fruit_apple_half_a.png,67a8355b3fd3a960829f070eab3be3f09a5c378910e9bda497a14752d574ba1a,ea9e8987b30fabaca3418eb27887e183a17f6cd21fa59e2ac0323a5327bd7247,172659,512,512,64472f6c-f9e1-4263-9290-d8d5bbbb27f6,gpt_image_2_5,"higgsfield gpt_image_2_5 (high, transparent) job 64472f6c-f9e1-4263-9290-d8d5bbbb27f6 2026-09-30; sliced with design/tools/slice-sheet.mjs; file design/sprites/fruit_apple_half_a.png"
fruit_apple_half_b,sprites/fruit_apple_half_b.png,yes,design/sprites/fruit_apple_half_b.png,4071f83e5c43618bfb857e10b8b6e34a2c55fc543247c1845b65b763df217b24,c3f71f6c60d975c187a8c3883ef0dd31e3a424f7dc7ff3440eafa596ce8abdc2,174499,512,512,64472f6c-f9e1-4263-9290-d8d5bbbb27f6,gpt_image_2_5,"higgsfield gpt_image_2_5 (high, transparent) job 64472f6c-f9e1-4263-9290-d8d5bbbb27f6 2026-09-30; sliced with design/tools/slice-sheet.mjs; file design/sprites/fruit_apple_half_b.png"
fx_splash_apple,sprites/fx_splash_apple.png,yes,design/sprites/fx_splash_apple.png,c266d488fabb64b9c48011c0d98cef69781a4cc57fbd866b66231b608683079e,8ec47eb2d7d96cbfc1502214a342fe3544a50eb198456da2ebb35f6c9c026ad4,117864,384,384,332c6e6f-56de-4244-977f-18872178a73d,gpt_image_2_5,"higgsfield gpt_image_2_5 (high, transparent) job 332c6e6f-56de-4244-977f-18872178a73d 2026-09-30; sliced with design/tools/slice-sheet.mjs; file design/sprites/fx_splash_apple.png"
fruit_orange_whole,sprites/fruit_orange_whole.png,yes,design/sprites/fruit_orange_whole.png,14e0ad49106771dd24344bf134461dc730365486e51e39b543fd25bf63f58466,cda3dbcf9c8646ce95c8afe3a98ed88d7eb5958631711e06d523c05fd30c1456,249426,512,512,74c596b6-ef1b-4b35-a5fa-9e4bfc32867f,gpt_image_2_5,"higgsfield gpt_image_2_5 (high, transparent) job 74c596b6-ef1b-4b35-a5fa-9e4bfc32867f 2026-09-30; sliced with design/tools/slice-sheet.mjs; file design/sprites/fruit_orange_whole.png"
fruit_orange_half_a,sprites/fruit_orange_half_a.png,yes,design/sprites/fruit_orange_half_a.png,cf85671847d180f360fcb6fe31603252c5ee9368c43160d78678abf8a1284643,3a575a93e0c2ffb5c1f8f27522a552ca59c6a3c323c0ddd0d455858829f4f422,271307,512,512,74c596b6-ef1b-4b35-a5fa-9e4bfc32867f,gpt_image_2_5,"higgsfield gpt_image_2_5 (high, transparent) job 74c596b6-ef1b-4b35-a5fa-9e4bfc32867f 2026-09-30; sliced with design/tools/slice-sheet.mjs; file design/sprites/fruit_orange_half_a.png"
fruit_orange_half_b,sprites/fruit_orange_half_b.png,yes,design/sprites/fruit_orange_half_b.png,fad7f8536ac4d8732bfb3b4b0c59787fd35bc5febaaa1d56a2a25d0fb260afcc,30877bae7f80f045b1bb90c13bc5794ba607405130b2704799b3769e392da176,272448,512,512,74c596b6-ef1b-4b35-a5fa-9e4bfc32867f,gpt_image_2_5,"higgsfield gpt_image_2_5 (high, transparent) job 74c596b6-ef1b-4b35-a5fa-9e4bfc32867f 2026-09-30; sliced with design/tools/slice-sheet.mjs; file design/sprites/fruit_orange_half_b.png"
fx_splash_orange,sprites/fx_splash_orange.png,yes,design/sprites/fx_splash_orange.png,1592d6b676e49d05f8a3801425d37389eec3516fd0d85ac1ee96dd456869e700,4d18ca6bbe452ddaf4ea3525d4f832a81a69a8067996bd39f8f5f1c198622488,117506,384,384,332c6e6f-56de-4244-977f-18872178a73d,gpt_image_2_5,"higgsfield gpt_image_2_5 (high, transparent) job 332c6e6f-56de-4244-977f-18872178a73d 2026-09-30; sliced with design/tools/slice-sheet.mjs; file design/sprites/fx_splash_orange.png"
fruit_pear_whole,sprites/fruit_pear_whole.png,yes,design/sprites/fruit_pear_whole.png,f7663634c6130a53c2a3d74b5c8651752d2c78f18825a86b783493bc468ef290,1ef1a3b71196040bfe8d891d3ff4cb75ec4ca929c0d5dea38481f50a0ceb2eda,137046,512,512,37dddd4e-f1f1-4cbb-8f6d-ec7139208b5b,gpt_image_2_5,"higgsfield gpt_image_2_5 (high, 2k) job 37dddd4e-f1f1-4cbb-8f6d-ec7139208b5b 2026-09-30; file design/sprites/fruit_pear_whole.png; sliced with design/tools/slice-sheet.mjs"
fruit_pear_half_a,sprites/fruit_pear_half_a.png,yes,design/sprites/fruit_pear_half_a.png,5594b4953fae5726fd2378d9d435da8118120d02b2c28f353798f1aa8793abfa,d2a20d102dc5c972857349622a2b1ec137d2c5fe48111bf4404e4c83ae12ad6d,128187,512,512,37dddd4e-f1f1-4cbb-8f6d-ec7139208b5b,gpt_image_2_5,"higgsfield gpt_image_2_5 (high, 2k) job 37dddd4e-f1f1-4cbb-8f6d-ec7139208b5b 2026-09-30; file design/sprites/fruit_pear_half_a.png; sliced with design/tools/slice-sheet.mjs"
fruit_pear_half_b,sprites/fruit_pear_half_b.png,yes,design/sprites/fruit_pear_half_b.png,2fe7cee832c90a58bdd740639a779a9501b92b7c107d758b4078e8b24d0a09f6,104255090316180c82050a5fc4fe687cf7e63da1bd9564f484c6dc7b1821beb1,128587,512,512,37dddd4e-f1f1-4cbb-8f6d-ec7139208b5b,gpt_image_2_5,"higgsfield gpt_image_2_5 (high, 2k) job 37dddd4e-f1f1-4cbb-8f6d-ec7139208b5b 2026-09-30; file design/sprites/fruit_pear_half_b.png; sliced with design/tools/slice-sheet.mjs"
fx_splash_pear,sprites/fx_splash_pear.png,yes,design/sprites/fx_splash_pear.png,5fdffcfc734f93ee5ba29a63f322db329fe4757a65eb0d347055139629a72163,9b23615ebebe088f375cdb21bb5edf2878e07927a3af6c21918512798290be5a,117197,384,384,a50d9ff4-1bc7-4680-9ede-8204b323b819,gpt_image_2_5,"higgsfield gpt_image_2_5 (high, 2k) job a50d9ff4-1bc7-4680-9ede-8204b323b819 2026-09-30; file design/sprites/fx_splash_pear.png; sliced with design/tools/slice-sheet.mjs"
fruit_peach_whole,sprites/fruit_peach_whole.png,yes,design/sprites/fruit_peach_whole.png,7a068351e928f258dd8e882361ed8cb280453da5078b026071b5813312463e28,84c48b39a98beac885660843fd5fdf456e641a04847c0c09f477df1fa856f4a0,234951,512,512,ca91224b-e69c-4a04-9f0b-69ffbe996aa7,gpt_image_2_5,"higgsfield gpt_image_2_5 (high, 2k) job ca91224b-e69c-4a04-9f0b-69ffbe996aa7 2026-09-30; file design/sprites/fruit_peach_whole.png; sliced with design/tools/slice-sheet.mjs"
fruit_peach_half_a,sprites/fruit_peach_half_a.png,yes,design/sprites/fruit_peach_half_a.png,66757425efb04a40bb85c8cf0cf2259f28ea0a98ef87208d03302b71a31e2c0f,b12a7efa2e696d915c00358c5a0a83bdf391dae3e895dbe83aecd88d6559b3b1,192871,512,512,ca91224b-e69c-4a04-9f0b-69ffbe996aa7,gpt_image_2_5,"higgsfield gpt_image_2_5 (high, 2k) job ca91224b-e69c-4a04-9f0b-69ffbe996aa7 2026-09-30; file design/sprites/fruit_peach_half_a.png; sliced with design/tools/slice-sheet.mjs"
fruit_peach_half_b,sprites/fruit_peach_half_b.png,yes,design/sprites/fruit_peach_half_b.png,f5c25c7b4b26e3e2a87b2286642755c134a4ad27281af1cd15aa728a7a2db437,fe8b2e19e52964761ae0dd105f5d79ae9abc3bc5194732ff850e5f04acc5734a,192584,512,512,ca91224b-e69c-4a04-9f0b-69ffbe996aa7,gpt_image_2_5,"higgsfield gpt_image_2_5 (high, 2k) job ca91224b-e69c-4a04-9f0b-69ffbe996aa7 2026-09-30; file design/sprites/fruit_peach_half_b.png; sliced with design/tools/slice-sheet.mjs"
fx_splash_peach,sprites/fx_splash_peach.png,yes,design/sprites/fx_splash_peach.png,d963d39d909df97210e9ce9ad911b8fa596dcc61a9963a78947fc6657027980d,9b458b6266dc6a9ef71d89d2024b5b08bc1f3fc8044ce14396dc8775f4bd9c83,111799,384,384,a50d9ff4-1bc7-4680-9ede-8204b323b819,gpt_image_2_5,"higgsfield gpt_image_2_5 (high, 2k) job a50d9ff4-1bc7-4680-9ede-8204b323b819 2026-09-30; file design/sprites/fx_splash_peach.png; sliced with design/tools/slice-sheet.mjs"
fruit_lemon_whole,sprites/fruit_lemon_whole.png,yes,design/sprites/fruit_lemon_whole.png,fb0af278e51c7203049c9e768bdc608202abf84816e18cc902701419cc8936ee,9e57f511f7de9975e0621ad504a05c6d3ea71e12ef40c814fd65d7df1f5aece9,159733,512,512,f03f7cef-2bae-4173-ac00-2f32b1723464,gpt_image_2_5,"higgsfield gpt_image_2_5 (high, 2k) job f03f7cef-2bae-4173-ac00-2f32b1723464 2026-09-30; file design/sprites/fruit_lemon_whole.png; sliced with design/tools/slice-sheet.mjs"
fruit_lemon_half_a,sprites/fruit_lemon_half_a.png,yes,design/sprites/fruit_lemon_half_a.png,84e0c522522a86b5e2abbba0a5ad9e795e115125cdbe0516574d6113ac7d04df,ed238924bed7ba114ed91bfe3676e4da6108a362b52c5f090d12b5753703e012,156828,512,512,f03f7cef-2bae-4173-ac00-2f32b1723464,gpt_image_2_5,"higgsfield gpt_image_2_5 (high, 2k) job f03f7cef-2bae-4173-ac00-2f32b1723464 2026-09-30; file design/sprites/fruit_lemon_half_a.png; sliced with design/tools/slice-sheet.mjs"
fruit_lemon_half_b,sprites/fruit_lemon_half_b.png,yes,design/sprites/fruit_lemon_half_b.png,3a0bdcec9863d89a53bcb4b36f7c90b92b8cf29f5d2fcebcb2274cff683dc484,9babdf445ec4d8cf665aa732d1306d760438eb8827dba9709f8d24dc0bcd33a8,156794,512,512,f03f7cef-2bae-4173-ac00-2f32b1723464,gpt_image_2_5,"higgsfield gpt_image_2_5 (high, 2k) job f03f7cef-2bae-4173-ac00-2f32b1723464 2026-09-30; file design/sprites/fruit_lemon_half_b.png; sliced with design/tools/slice-sheet.mjs"
fx_splash_lemon,sprites/fx_splash_lemon.png,yes,design/sprites/fx_splash_lemon.png,c6832c4040502a5a14141a0cf03af23c59c1397287e1f78585071e534a8fa0e6,a4bee77912b905568418256f5c6d7eb7c451132cf34e3ea67a948bc12d357fab,115171,384,384,a50d9ff4-1bc7-4680-9ede-8204b323b819,gpt_image_2_5,"higgsfield gpt_image_2_5 (high, 2k) job a50d9ff4-1bc7-4680-9ede-8204b323b819 2026-09-30; file design/sprites/fx_splash_lemon.png; sliced with design/tools/slice-sheet.mjs"
fruit_kiwi_whole,sprites/fruit_kiwi_whole.png,yes,design/sprites/fruit_kiwi_whole.png,11255d48946b579c6f1d0b803918b3e7e42ebbb161c5c19b39c8b526415cbc6e,f6be50ff2e40936be677d4340fae8d20f052d50aa74a6a538a1a9abcf6d90450,197246,512,512,c9e57cfa-37ff-4a52-998a-6e763d227b00,gpt_image_2_5,"higgsfield gpt_image_2_5 (high, 2k) job c9e57cfa-37ff-4a52-998a-6e763d227b00 2026-09-30; file design/sprites/fruit_kiwi_whole.png; sliced with design/tools/slice-sheet.mjs"
fruit_kiwi_half_a,sprites/fruit_kiwi_half_a.png,yes,design/sprites/fruit_kiwi_half_a.png,14949c6cd7751a545da85bf13ac60bb40ed4c140c1630a54e50ee6262cc9695b,57ff576d65e231908120e8742c03ecb7eef2ab47feed1709226fe1e432bc0b87,195633,512,512,c9e57cfa-37ff-4a52-998a-6e763d227b00,gpt_image_2_5,"higgsfield gpt_image_2_5 (high, 2k) job c9e57cfa-37ff-4a52-998a-6e763d227b00 2026-09-30; file design/sprites/fruit_kiwi_half_a.png; sliced with design/tools/slice-sheet.mjs"
fruit_kiwi_half_b,sprites/fruit_kiwi_half_b.png,yes,design/sprites/fruit_kiwi_half_b.png,23b7c28300464151a6cb8cd68cd94df71b5a89c093d45620f42fa722b6f0c03a,c4d1a441176f347b9309e9bc2abc4ab8f5d97b3426b1a00e172a56771389ac19,197399,512,512,c9e57cfa-37ff-4a52-998a-6e763d227b00,gpt_image_2_5,"higgsfield gpt_image_2_5 (high, 2k) job c9e57cfa-37ff-4a52-998a-6e763d227b00 2026-09-30; file design/sprites/fruit_kiwi_half_b.png; sliced with design/tools/slice-sheet.mjs"
fx_splash_kiwi,sprites/fx_splash_kiwi.png,yes,design/sprites/fx_splash_kiwi.png,b9755e956ff76f321829484e9895b4999b93b2c2eeb5ed3de8fc9655b185d91c,057cf6dcaa71f421287fc525959c50f0fa983513e042ab87fa412f0341ebd009,123297,384,384,ab6301d1-0bbd-4960-8746-9167cdf8ee1a,gpt_image_2_5,"higgsfield gpt_image_2_5 (high, 2k) job ab6301d1-0bbd-4960-8746-9167cdf8ee1a 2026-09-30; file design/sprites/fx_splash_kiwi.png; sliced with design/tools/slice-sheet.mjs"
fruit_strawberry_whole,sprites/fruit_strawberry_whole.png,yes,design/sprites/fruit_strawberry_whole.png,75bbb5f7feb1e1e1cb8b6ab592a7a2d0dfd15493bd8b9051b7b6a1683e1d90f6,26d2b9881469d172688cc3d77068d01981ecf07756520c09ecfe34509bb8b8c3,187456,512,512,d4719e45-c46c-43d6-9896-cfa7423d29d5,gpt_image_2_5,"higgsfield gpt_image_2_5 (high, transparent) job d4719e45-c46c-43d6-9896-cfa7423d29d5 2026-09-30; sliced with design/tools/slice-sheet.mjs; file design/sprites/fruit_strawberry_whole.png"
fruit_strawberry_half_a,sprites/fruit_strawberry_half_a.png,yes,design/sprites/fruit_strawberry_half_a.png,d61537aafb3252df02e51cc449c8828f79baf675df518d2a144508c1646839d9,063200dbf1dcd21c10857d6dd9b77329c568f1dff5d7b2c9f1a78692dfb7b08f,174829,512,512,d4719e45-c46c-43d6-9896-cfa7423d29d5,gpt_image_2_5,"higgsfield gpt_image_2_5 (high, transparent) job d4719e45-c46c-43d6-9896-cfa7423d29d5 2026-09-30; sliced with design/tools/slice-sheet.mjs; file design/sprites/fruit_strawberry_half_a.png"
fruit_strawberry_half_b,sprites/fruit_strawberry_half_b.png,yes,design/sprites/fruit_strawberry_half_b.png,77a708e06d4f61bd816e2cd55c31cb4741ae87e92515fa0fa78b14e2640897ab,c004faccb8f8c37243bd58f62627b38ef5f7a47b9ca546ca26ce3e253cc1259c,180645,512,512,d4719e45-c46c-43d6-9896-cfa7423d29d5,gpt_image_2_5,"higgsfield gpt_image_2_5 (high, transparent) job d4719e45-c46c-43d6-9896-cfa7423d29d5 2026-09-30; sliced with design/tools/slice-sheet.mjs; file design/sprites/fruit_strawberry_half_b.png"
fx_splash_strawberry,sprites/fx_splash_strawberry.png,yes,design/sprites/fx_splash_strawberry.png,76aa2ae5d321401a74d015f128df2dc4a90b44f2415c120925f22f0f08d68d02,7912339c7f5433c8134baef97ad658161d9a99ac0fec495feaaae17576820be0,109281,384,384,332c6e6f-56de-4244-977f-18872178a73d,gpt_image_2_5,"higgsfield gpt_image_2_5 (high, transparent) job 332c6e6f-56de-4244-977f-18872178a73d 2026-09-30; sliced with design/tools/slice-sheet.mjs; file design/sprites/fx_splash_strawberry.png"
fruit_cherry_whole,sprites/fruit_cherry_whole.png,yes,design/sprites/fruit_cherry_whole.png,d750d792048b66995b680798a84c193fb1792e584f017e086dc2db6dcd3d339d,65413646eb840c1ec05f671bd771bb5188428e39fcc8af2b09413d7b9369054d,104118,512,512,28aef09e-4fe5-4fec-b213-2ec4ac3d6ca7,gpt_image_2_5,"higgsfield gpt_image_2_5 (high, 2k) job 28aef09e-4fe5-4fec-b213-2ec4ac3d6ca7 2026-09-30; file design/sprites/fruit_cherry_whole.png; sliced with design/tools/slice-sheet.mjs"
fruit_cherry_half_a,sprites/fruit_cherry_half_a.png,yes,design/sprites/fruit_cherry_half_a.png,b8ef2bd3b37ca8b1886b88eedc2a6551c7b89618242cb9d534c8bf77636c1c9d,92899b513e95ac1edd372853b733b19d4ae601a436ca71ecfbea55817e756631,84218,512,512,28aef09e-4fe5-4fec-b213-2ec4ac3d6ca7,gpt_image_2_5,"higgsfield gpt_image_2_5 (high, 2k) job 28aef09e-4fe5-4fec-b213-2ec4ac3d6ca7 2026-09-30; file design/sprites/fruit_cherry_half_a.png; sliced with design/tools/slice-sheet.mjs"
fruit_cherry_half_b,sprites/fruit_cherry_half_b.png,yes,design/sprites/fruit_cherry_half_b.png,662e0f6b57af8c0b7e12a26bb3835ce3033f38124988c14559e87489b4743b8c,e9b37bf41be0e01bcc5c3d87140d1248fe4bae4bd7419378740153c5b5dbc428,85642,512,512,28aef09e-4fe5-4fec-b213-2ec4ac3d6ca7,gpt_image_2_5,"higgsfield gpt_image_2_5 (high, 2k) job 28aef09e-4fe5-4fec-b213-2ec4ac3d6ca7 2026-09-30; file design/sprites/fruit_cherry_half_b.png; sliced with design/tools/slice-sheet.mjs"
fx_splash_cherry,sprites/fx_splash_cherry.png,yes,design/sprites/fx_splash_cherry.png,f4254c23115025b9814c0f31d3916effb5ce1bd9faa32ebb628c070a4adabe5f,86cad58a3f4912baff539af6b08d76586a054865c6039c8cd2fa1fade35d29db,121182,384,384,ab6301d1-0bbd-4960-8746-9167cdf8ee1a,gpt_image_2_5,"higgsfield gpt_image_2_5 (high, 2k) job ab6301d1-0bbd-4960-8746-9167cdf8ee1a 2026-09-30; file design/sprites/fx_splash_cherry.png; sliced with design/tools/slice-sheet.mjs"
fruit_golden_whole,sprites/fruit_golden_whole.png,yes,design/sprites/fruit_golden_whole.png,be4a43b2674005d6309f13d4940e1eefb583b7d5a905c4dc189fd142b650e61f,1253726c40948e17ad02a28589ada5b5c4445b5ed431d8dad6f4500e3567abc2,403127,512,512,1c6b290e-aa6c-4fd8-90f3-989651f91fd7,gpt_image_2_5,"higgsfield gpt_image_2_5 (high, transparent) job 1c6b290e-aa6c-4fd8-90f3-989651f91fd7 2026-09-30; sliced with design/tools/slice-sheet.mjs; file design/sprites/fruit_golden_whole.png"
fruit_golden_half_a,sprites/fruit_golden_half_a.png,yes,design/sprites/fruit_golden_half_a.png,5e6a405b7a8d13f795a6e135ebcbadbb75d2fcc864480060fc44564ad7ddecd6,43dfa56e8ea8a56894902f208c0422fb30ae3e42c7860573b8680bc2ad133118,230547,512,512,1c6b290e-aa6c-4fd8-90f3-989651f91fd7,gpt_image_2_5,"higgsfield gpt_image_2_5 (high, transparent) job 1c6b290e-aa6c-4fd8-90f3-989651f91fd7 2026-09-30; sliced with design/tools/slice-sheet.mjs; file design/sprites/fruit_golden_half_a.png"
fruit_golden_half_b,sprites/fruit_golden_half_b.png,yes,design/sprites/fruit_golden_half_b.png,064b2eb36dae1123f3667551c092cd67b1982297cb39072cf8d1d2bd64305fe6,581517d07c73c85dadea7ad749a6301ef4d01f876a62a4065da33f6d39dcf521,229526,512,512,1c6b290e-aa6c-4fd8-90f3-989651f91fd7,gpt_image_2_5,"higgsfield gpt_image_2_5 (high, transparent) job 1c6b290e-aa6c-4fd8-90f3-989651f91fd7 2026-09-30; sliced with design/tools/slice-sheet.mjs; file design/sprites/fruit_golden_half_b.png"
fx_splash_golden,sprites/fx_splash_golden.png,yes,design/sprites/fx_splash_golden.png,69372b70a9e16e424a0639de22928c5983c1b164a473c45b0d7c786d1780eb6f,13cbe9af4ce7d4948b588eecdb6951aef02e8097da113945eebb95e0fe384430,120964,384,384,ab6301d1-0bbd-4960-8746-9167cdf8ee1a,gpt_image_2_5,"higgsfield gpt_image_2_5 (high, 2k) job ab6301d1-0bbd-4960-8746-9167cdf8ee1a 2026-09-30; file design/sprites/fx_splash_golden.png; sliced with design/tools/slice-sheet.mjs"
bomb_whole,sprites/bomb_whole.png,yes,design/sprites/bomb_whole.png,c4ee0144d9d5b63d9cddb90b74e34301e1da575cc086be35b9b0cfab84ae2f0a,958d8077d3c9ec9d81636386813f195b7c37cc307bc4d44cde16379f2746ce5a,213404,512,512,3c31d31c-186c-4103-926a-9f99071447c0,gpt_image_2_5,"higgsfield gpt_image_2_5 (high, transparent) job 3c31d31c-186c-4103-926a-9f99071447c0 2026-09-30; sliced with design/tools/slice-sheet.mjs; file design/sprites/bomb_whole.png"
fx_bomb_explosion,fx/fx_bomb_explosion.png,yes,design/fx/fx_bomb_explosion.png,a4461fc8bf3bef9ab789ce0608fe2f348329db5d99c142609e1fa5a4e874d14d,fa1652aafef89e514846c716a392f3b255c1deb015adf013a4775065a3d46c0d,685631,768,696,05667150-b686-4c4a-808c-bb3c7d768887,gpt_image_2_5,"higgsfield gpt_image_2_5 (high, 2k) job 05667150-b686-4c4a-808c-bb3c7d768887 2026-09-30; file design/fx/fx_bomb_explosion.png; sliced with design/tools/slice-sheet.mjs"
medallion_freeze,sprites/medallion_freeze.png,yes,design/sprites/medallion_freeze.png,420a38ebbb5ecd9dfb08ded0102c9b889d894f1d88b40e348751252b3a9d7ce0,c5cd62bf08258ce6563c6ae34134b0bf513312dda8ba2090bcd4242a2ed5a6fa,322268,512,512,3c31d31c-186c-4103-926a-9f99071447c0,gpt_image_2_5,"higgsfield gpt_image_2_5 (high, transparent) job 3c31d31c-186c-4103-926a-9f99071447c0 2026-09-30; sliced with design/tools/slice-sheet.mjs; file design/sprites/medallion_freeze.png"
medallion_frenzy,sprites/medallion_frenzy.png,yes,design/sprites/medallion_frenzy.png,24a26e56a387ebb0ac0dbd3d0e15622478e6eee94e79363a06e2ae31d471513a,fc25978713bf7cebb86c75aa3d9d4ae5bec7c377a4810d1c2c2995173e5fe612,315213,512,512,3c31d31c-186c-4103-926a-9f99071447c0,gpt_image_2_5,"higgsfield gpt_image_2_5 (high, transparent) job 3c31d31c-186c-4103-926a-9f99071447c0 2026-09-30; sliced with design/tools/slice-sheet.mjs; file design/sprites/medallion_frenzy.png"
medallion_double,sprites/medallion_double.png,yes,design/sprites/medallion_double.png,136613a6fef10e8692861e2af39d82610a52f1ea2b276cbe3fe969ed8743367b,9ef90a6898ffb5afde379b9f0a70dbbadc2380df9a8af6d36d677fe3f98835c4,321454,512,512,3c31d31c-186c-4103-926a-9f99071447c0,gpt_image_2_5,"higgsfield gpt_image_2_5 (high, transparent) job 3c31d31c-186c-4103-926a-9f99071447c0 2026-09-30; sliced with design/tools/slice-sheet.mjs; file design/sprites/medallion_double.png"
medallion_clock,sprites/medallion_clock.png,yes,design/sprites/medallion_clock.png,bf03a796dc47a012178c84d18ff5e7d7afab8bef4ef3329efe44fdbf8b1a8c02,aa330c9e4ccf3203358ea6b0efec334f9a7685f2af9c4b4b993665b53db717ae,314646,512,512,3c31d31c-186c-4103-926a-9f99071447c0,gpt_image_2_5,"higgsfield gpt_image_2_5 (high, transparent) job 3c31d31c-186c-4103-926a-9f99071447c0 2026-09-30; sliced with design/tools/slice-sheet.mjs; file design/sprites/medallion_clock.png"
fx_slice_flash,fx/fx_slice_flash.png,yes,design/fx/fx_slice_flash.png,d7c5eeefa6ab46eb5add76fb0fc7e161c1a51507f7281513155eb19dc696f752,12a5b402902b17790c517c90487b34a61a6c81d4db882e2f7a7fb76de708dd74,114002,768,408,05667150-b686-4c4a-808c-bb3c7d768887,gpt_image_2_5,"higgsfield gpt_image_2_5 (high, 2k) job 05667150-b686-4c4a-808c-bb3c7d768887 2026-09-30; file design/fx/fx_slice_flash.png; sliced with design/tools/slice-sheet.mjs"
fx_blade_trail_tex,fx/fx_blade_trail_tex.png,yes,design/fx/fx_blade_trail_tex.png,fbfeafb87f415f4698fadb9077c1df884b730466bb19a2d533fb044d650e2dd6,cd80a2a03d09b4f7f7309fc346a1e2e680fa37b9b800928b1a7f4b9990c75e52,162806,1024,156,05667150-b686-4c4a-808c-bb3c7d768887,gpt_image_2_5,"higgsfield gpt_image_2_5 (high, 2k) job 05667150-b686-4c4a-808c-bb3c7d768887 2026-09-30; file design/fx/fx_blade_trail_tex.png; sliced with design/tools/slice-sheet.mjs"
bg_classic_far,backgrounds/bg_classic_far.jpg,yes,design/backgrounds/bg_classic_far.png,c66bf5692d8f9cdae5b3324ac59986128293c95018b8b339346202f1aa605430,2a2f076cacf1ff86695aee0f17514f94d2476fb63aaf6403e57fb9660d42ff5f,144669,2560,1440,ceb210d3-f169-4558-9779-2f7cce353399;9b46b9c0-739a-4927-a041-e463c7c605ac,gpt_image_2_5,"higgsfield gpt_image_2_5 (high, 4k) job ceb210d3-f169-4558-9779-2f7cce353399 2026-09-30; far v2: flat sun, edit of the first far layer (job 9b46b9c0-739a-4927-a041-e463c7c605ac); file design/backgrounds/bg_classic_far.png"
bg_classic_mid,backgrounds/bg_classic_mid.png,yes,design/backgrounds/bg_classic_mid.png,ff93a4c90aff0f560987c12f8be5ed1b35a0e87127e8b411b01b7185d294aee6,2e3829c650436f69fbfa505708fe1bb3bfe21223f843f144e2412bc7c4dae8b9,1429814,2048,1152,bf253e19-5112-4669-a495-87a097972c53,gpt_image_2_5,"higgsfield gpt_image_2_5 (high, 4k) job bf253e19-5112-4669-a495-87a097972c53 2026-09-30; mid v2, far v2 as reference; file design/backgrounds/bg_classic_mid.png"
bg_classic_near,backgrounds/bg_classic_near.png,yes,design/backgrounds/bg_classic_near.png,db43bb6edf269081ab777d4f6179f83e369c008d00af9e622b056855680db838,c5c36377e40681c627e3a1c4576bdbbddcc86e622a6888f9df04c57ab10fb583,554296,2048,1152,6aa2b456-6b9c-4d5c-8304-80e0944273b4,gpt_image_2_5,"higgsfield gpt_image_2_5 (high, 4k) job 6aa2b456-6b9c-4d5c-8304-80e0944273b4 2026-09-30; near v3: slim bamboo only, no mist (v2 had opaque cream patches); file design/backgrounds/bg_classic_near.png"
bg_arcade_far,backgrounds/bg_arcade_far.jpg,yes,design/backgrounds/bg_arcade_far.png,50c0a1fe2e18d83659b0efc5e49d88bc3fe070c386e52dec5112c508ec972f5b,a15ec8829bc11c0375d19f4f689b73263d506ebf243fb74fe14564b851cef2da,174938,2560,1440,a0234f97-46a7-4a05-a7e7-8b8776cd69c4,gpt_image_2_5,"higgsfield gpt_image_2_5 (high, 4k) job a0234f97-46a7-4a05-a7e7-8b8776cd69c4 2026-09-30; file design/backgrounds/bg_arcade_far.png"
bg_arcade_mid,backgrounds/bg_arcade_mid.png,yes,design/backgrounds/bg_arcade_mid.png,b466310f357d5404038643d4b9900eb9b2326ad780cac59845972127d0d1da03,05238ef84bd9a41410265b7d1ecbe37f6ec79ed019d33eee02c9354d64c6c497,645464,2048,1152,45a17aeb-a913-413b-9e2e-c812bdcbeb71,gpt_image_2_5,"higgsfield gpt_image_2_5 (high, 4k) job 45a17aeb-a913-413b-9e2e-c812bdcbeb71 2026-09-30; file design/backgrounds/bg_arcade_mid.png"
bg_arcade_near,backgrounds/bg_arcade_near.png,yes,design/backgrounds/bg_arcade_near.png,2433263c56c7964fd61eb51639e23681a94cd276e89e796373dfda4dd2abbb17,68917fba1c77df84a9a355123c70a205df949bcbb776e552ff11451309cceb9e,685210,2048,1152,e850a836-538e-437d-939f-16169153f8f9,gpt_image_2_5,"higgsfield gpt_image_2_5 (high, 4k) job e850a836-538e-437d-939f-16169153f8f9 2026-09-30; file design/backgrounds/bg_arcade_near.png"
bg_zen_far,backgrounds/bg_zen_far.jpg,yes,design/backgrounds/bg_zen_far.png,bf977519f53b3b24ed6f19d76516c0996c889e0c876945b6668b16709aa71188,204ff72c951d904fff29be0ac6a258aa8163f45e1704d33df4fb76b8d68191a2,120593,2560,1440,75357c23-cdcd-4a61-b316-1b11fb835d37,gpt_image_2_5,"higgsfield gpt_image_2_5 (high, 4k) job 75357c23-cdcd-4a61-b316-1b11fb835d37 2026-09-30; file design/backgrounds/bg_zen_far.png"
bg_zen_mid,backgrounds/bg_zen_mid.png,yes,design/backgrounds/bg_zen_mid.png,8bf36d8c9f67cdd42ea0872d349edb47e77cdd319d4e3ae68633141a3bb3b4be,beeb506acf4f302deea9b23465a2590b83037aa90a68ce7b211be5d7fc671ca4,1333572,2048,1152,77c0b5ba-57e5-488c-a83b-543158709861,gpt_image_2_5,"higgsfield gpt_image_2_5 (high, 4k) job 77c0b5ba-57e5-488c-a83b-543158709861 2026-09-30; file design/backgrounds/bg_zen_mid.png"
bg_zen_near,backgrounds/bg_zen_near.png,yes,design/backgrounds/bg_zen_near.png,35608a68ff79c1a9cf7bd70975541eb67dd4dc1304d386c82a52842a1efd6d85,8629216e9be992c97b462301374965c4402571219f626bbe282ee5c0caf3f0df,556437,2048,1152,e1e7281a-7398-4d1b-97a4-ab6d15aeede8,gpt_image_2_5,"higgsfield gpt_image_2_5 (high, 4k) job e1e7281a-7398-4d1b-97a4-ab6d15aeede8 2026-09-30; file design/backgrounds/bg_zen_near.png"
bg_menu_far,backgrounds/bg_menu_far.jpg,yes,design/backgrounds/bg_menu_far.png,93b1781d0a7d0c7ad280333faa51afb859fee0c27c001676b16cf6000430dfe4,4c89b5524f8dda2b6838b94eae34bc2b2970844fc42d04770f4991ce8734a588,146055,2560,1440,725069c5-1fec-42d6-98bf-65a9eb6334e3,gpt_image_2_5,"higgsfield gpt_image_2_5 (high, 4k) job 725069c5-1fec-42d6-98bf-65a9eb6334e3 2026-09-30; file design/backgrounds/bg_menu_far.png"
bg_menu_mid,backgrounds/bg_menu_mid.png,yes,design/backgrounds/bg_menu_mid.png,2312ec261460085d60b3a839a79264cd4ddb5825f3b033d42007ec09e7b897c8,6a0a80b23e7fc08ea19cd9d333b53bf4175464da293faefafc29156f47178f59,1063776,2048,1152,c0851811-1c9f-4462-8d7e-2ca6efd6f4b6,gpt_image_2_5,"higgsfield gpt_image_2_5 (high, 4k) job c0851811-1c9f-4462-8d7e-2ca6efd6f4b6 2026-09-30; file design/backgrounds/bg_menu_mid.png"
bg_menu_near,backgrounds/bg_menu_near.png,yes,design/backgrounds/bg_menu_near.png,530a55143530cc0dda7bdfa93f2633eca7cd60b051435849b9eb0ada45436e2d,4ce4508972279967f1a3944e56011de905c2b56d1d49f0de7838bdef48459300,610358,2048,1152,bf514e3a-4e1b-4fc2-b32d-2d1ead005b1e,gpt_image_2_5,"higgsfield gpt_image_2_5 (high, 4k) job bf514e3a-4e1b-4fc2-b32d-2d1ead005b1e 2026-09-30; file design/backgrounds/bg_menu_near.png"
button_primary_default,ui/button_primary_default.png,yes,design/ui/button_primary_default.png,9f5beb79d9535869d7de2989bc120879b280980ccff0886ee22cbf37b5604d0e,3e4a4e48ce5c151c302fea7d2e36f449739df832dcbd4e644d71e33072c53ecb,273762,840,262,3e80856d-8576-4c15-bf36-2d1965040979,gpt_image_2_5,"higgsfield gpt_image_2_5 (high, transparent) job 3e80856d-8576-4c15-bf36-2d1965040979 2026-09-30; sliced with design/tools/slice-sheet.mjs; file design/ui/button_primary_default.png"
button_secondary_default,ui/button_secondary_default.png,yes,design/ui/button_secondary_default.png,b983db022a23be6e4f150cecfcc9e6db76ffbce7ac3e6b663c2b87c10369610f,3d88cccce91facfb4a859b38825f5c17c42576cfe5d31dcbcd2d894a8b842b31,247178,840,227,f18bf3ad-8100-4531-8a50-4965b41be150,gpt_image_2_5,"higgsfield gpt_image_2_5 (high, 2k) job f18bf3ad-8100-4531-8a50-4965b41be150 2026-09-30; file design/ui/button_secondary_default.png; sliced with design/tools/slice-sheet.mjs"
stepper_minus_default,ui/stepper_minus_default.png,yes,design/ui/stepper_minus_default.png,d5705ddc1c8986a6263ab01133436c36a44ed9a97ac009d71a8353321220b9d3,ed1d54292c69d15993833a4823b033296748e9041419f336c1fdd3bee2ed7298,162537,336,346,fa4675d9-2d4c-47bb-b19d-ab1575d25483,gpt_image_2_5,"higgsfield gpt_image_2_5 (high, 2k) job fa4675d9-2d4c-47bb-b19d-ab1575d25483 2026-09-30; file design/ui/stepper_minus_default.png; sliced with design/tools/slice-sheet.mjs"
stepper_plus_default,ui/stepper_plus_default.png,yes,design/ui/stepper_plus_default.png,9c37aa0a7b190c6522d914a81a08951c539d8e70ec7bbb9876a017c75b8cdf64,7d633f226e05d23934e2fcddfa9c5b6e32a4a20ce8a6600c54019ab563169ee2,165313,336,346,fa4675d9-2d4c-47bb-b19d-ab1575d25483,gpt_image_2_5,"higgsfield gpt_image_2_5 (high, 2k) job fa4675d9-2d4c-47bb-b19d-ab1575d25483 2026-09-30; file design/ui/stepper_plus_default.png; sliced with design/tools/slice-sheet.mjs"
button_primary_focused,ui/button_primary_focused.png,yes,design/ui/button_primary_focused.png,39e83d81480e20bcefd4fb6c00d9d4e14d5a68ad66c824d487e6005d9af26dc6,09e6d090a88f9631a2f72c5f85d95adf67703d4e02dbc492444ba4558cbc8ff8,299728,840,281,3e80856d-8576-4c15-bf36-2d1965040979,gpt_image_2_5,"higgsfield gpt_image_2_5 (high, transparent) job 3e80856d-8576-4c15-bf36-2d1965040979 2026-09-30; sliced with design/tools/slice-sheet.mjs; file design/ui/button_primary_focused.png"
button_secondary_focused,ui/button_secondary_focused.png,yes,design/ui/button_secondary_focused.png,9339585dbc98f2cac902d30f3267a11eba1d67f8d3865f97942c84d81b8fc862,e6a7148999a67807680d2e50c007f7b3b3aead7032cef370f0101250ccceb1bf,260009,840,245,f18bf3ad-8100-4531-8a50-4965b41be150,gpt_image_2_5,"higgsfield gpt_image_2_5 (high, 2k) job f18bf3ad-8100-4531-8a50-4965b41be150 2026-09-30; file design/ui/button_secondary_focused.png; sliced with design/tools/slice-sheet.mjs"
stepper_minus_focused,ui/stepper_minus_focused.png,yes,design/ui/stepper_minus_focused.png,b605d7914ef015d51cfbc1f839d71aa1f16832ff0769a1266d771a887865b6a0,0c7275ef78bfab99382d6dfb78f5401b3cb407b582e834300e30df0071ff6907,172909,336,358,fa4675d9-2d4c-47bb-b19d-ab1575d25483,gpt_image_2_5,"higgsfield gpt_image_2_5 (high, 2k) job fa4675d9-2d4c-47bb-b19d-ab1575d25483 2026-09-30; file design/ui/stepper_minus_focused.png; sliced with design/tools/slice-sheet.mjs"
stepper_plus_focused,ui/stepper_plus_focused.png,yes,design/ui/stepper_plus_focused.png,b22d945c9cf5cb6672db564951b582a94fd6d17cb8b005dfddbea2e274c914e5,130840ed459dd319cf49435d06593734cf3503040c946b0db49bd300b6da0539,172843,336,355,fa4675d9-2d4c-47bb-b19d-ab1575d25483,gpt_image_2_5,"higgsfield gpt_image_2_5 (high, 2k) job fa4675d9-2d4c-47bb-b19d-ab1575d25483 2026-09-30; file design/ui/stepper_plus_focused.png; sliced with design/tools/slice-sheet.mjs"
button_primary_pressed,ui/button_primary_pressed.png,yes,design/ui/button_primary_pressed.png,731b1c51214c2fc8d550714bc32346ae84ee6eb2b696a53daf1bf4eb8a42835f,7c8d3edec88f9a8878be1ee1238d2b14ad35d139153747c3f45018c1d2c01767,264092,840,262,3e80856d-8576-4c15-bf36-2d1965040979,gpt_image_2_5,"higgsfield gpt_image_2_5 (high, transparent) job 3e80856d-8576-4c15-bf36-2d1965040979 2026-09-30; sliced with design/tools/slice-sheet.mjs; file design/ui/button_primary_pressed.png"
button_secondary_pressed,ui/button_secondary_pressed.png,yes,design/ui/button_secondary_pressed.png,1d37acc807efb5d8652f839e804276cc03f7d94304b43d6b07dcdb80229828ca,04ac4251022db9854f5be5fa9903876936c80c3aeee6ee783c3eb3e5ae18408b,248070,840,229,f18bf3ad-8100-4531-8a50-4965b41be150,gpt_image_2_5,"higgsfield gpt_image_2_5 (high, 2k) job f18bf3ad-8100-4531-8a50-4965b41be150 2026-09-30; file design/ui/button_secondary_pressed.png; sliced with design/tools/slice-sheet.mjs"
stepper_minus_pressed,ui/stepper_minus_pressed.png,yes,design/ui/stepper_minus_pressed.png,e6019184a0c84eb8959f687fe3326cf8d8984ab0f37843fc7e2621c02741e58b,dfa1912641df464239026b06f1894639d98db31c75b8f0da3644a35cbbf98901,165836,336,352,fa4675d9-2d4c-47bb-b19d-ab1575d25483,gpt_image_2_5,"higgsfield gpt_image_2_5 (high, 2k) job fa4675d9-2d4c-47bb-b19d-ab1575d25483 2026-09-30; file design/ui/stepper_minus_pressed.png; sliced with design/tools/slice-sheet.mjs"
stepper_plus_pressed,ui/stepper_plus_pressed.png,yes,design/ui/stepper_plus_pressed.png,21b97ce4a7674513fd922fb5385fba0c1a0588ddfc1300acef95ea9d45ccba76,adf1c6a4e61ee612651f74ed45e85a3190594980e37121d21835cb6d0d67edb4,167351,336,348,fa4675d9-2d4c-47bb-b19d-ab1575d25483,gpt_image_2_5,"higgsfield gpt_image_2_5 (high, 2k) job fa4675d9-2d4c-47bb-b19d-ab1575d25483 2026-09-30; file design/ui/stepper_plus_pressed.png; sliced with design/tools/slice-sheet.mjs"
button_primary_disabled,ui/button_primary_disabled.png,yes,design/ui/button_primary_disabled.png,7a3e5ef73dc83f25390fef82d1220a9f5cd4c8750f71d55f20cb76e57783cabf,31307ac11631bec84f13d7b54c19bd310399e0d28ad79f134586ecdaf9ca9303,265754,840,264,3e80856d-8576-4c15-bf36-2d1965040979,gpt_image_2_5,"higgsfield gpt_image_2_5 (high, transparent) job 3e80856d-8576-4c15-bf36-2d1965040979 2026-09-30; sliced with design/tools/slice-sheet.mjs; file design/ui/button_primary_disabled.png"
button_secondary_disabled,ui/button_secondary_disabled.png,yes,design/ui/button_secondary_disabled.png,b87e22a2b86233fac37b4206a67f5b0ff093eb127ee562ce64216955f5c7ae67,0673ed69e00c8d9f98a8a2dcbb033e6165e2a0e7ea47667caac24c3b0d2f7a28,244149,840,233,f18bf3ad-8100-4531-8a50-4965b41be150,gpt_image_2_5,"higgsfield gpt_image_2_5 (high, 2k) job f18bf3ad-8100-4531-8a50-4965b41be150 2026-09-30; file design/ui/button_secondary_disabled.png; sliced with design/tools/slice-sheet.mjs"
stepper_minus_disabled,ui/stepper_minus_disabled.png,yes,design/ui/stepper_minus_disabled.png,90c1475eaa69fab4498a1c63daa847eccb71131df37e750c25306824394be326,a96fde92650d00ba53473b5228a0da2cb35c49e6cd55fcdea732d0fe00112112,155915,336,358,fa4675d9-2d4c-47bb-b19d-ab1575d25483,gpt_image_2_5,"higgsfield gpt_image_2_5 (high, 2k) job fa4675d9-2d4c-47bb-b19d-ab1575d25483 2026-09-30; file design/ui/stepper_minus_disabled.png; sliced with design/tools/slice-sheet.mjs"
stepper_plus_disabled,ui/stepper_plus_disabled.png,yes,design/ui/stepper_plus_disabled.png,2be08d3ec596d9b081b1d8168dbfea0d731b8cf97bdd24bb01ff84d00ae9e156,ce2fa437bb4adba6b1f31262027cbc0fabb42c75197d15be3781086432f453ac,161175,336,359,fa4675d9-2d4c-47bb-b19d-ab1575d25483,gpt_image_2_5,"higgsfield gpt_image_2_5 (high, 2k) job fa4675d9-2d4c-47bb-b19d-ab1575d25483 2026-09-30; file design/ui/stepper_plus_disabled.png; sliced with design/tools/slice-sheet.mjs"
toggle_off,ui/toggle_off.png,yes,design/ui/toggle_off.png,8f59a3f3e54b081fbe373ef492ca23f3f5989234426e1b5e7188f8017bd97528,01944048336c54694810fe8270de6fcea521416657bbbc8f06eb959343ae1bcf,261384,840,243,1d64b9f5-5091-4b1b-84d7-f98c17116c15,gpt_image_2_5,"higgsfield gpt_image_2_5 (high, 2k) job 1d64b9f5-5091-4b1b-84d7-f98c17116c15 2026-09-30; file design/ui/toggle_off.png; sliced with design/tools/slice-sheet.mjs"
toggle_on,ui/toggle_on.png,yes,design/ui/toggle_on.png,f8556a6df407d3a05687564656f67c16eebde6110a69bae24596dec9305abaf3,196974a80280a482f80d3e5dc74e1338a6d7edd92c993c007c9ab079a8244502,266524,840,247,1d64b9f5-5091-4b1b-84d7-f98c17116c15,gpt_image_2_5,"higgsfield gpt_image_2_5 (high, 2k) job 1d64b9f5-5091-4b1b-84d7-f98c17116c15 2026-09-30; file design/ui/toggle_on.png; sliced with design/tools/slice-sheet.mjs"
toggle_focused,ui/toggle_focused.png,yes,design/ui/toggle_focused.png,3d7df311f7f945357852e7e0884e56a8725885a17be95d3202e5d3608ed5e848,34835d1646aedd5072e9c532f91e1554b262a70f2d2de0cb7cb6a247280ec23a,300341,840,270,1d64b9f5-5091-4b1b-84d7-f98c17116c15,gpt_image_2_5,"higgsfield gpt_image_2_5 (high, 2k) job 1d64b9f5-5091-4b1b-84d7-f98c17116c15 2026-09-30; file design/ui/toggle_focused.png; sliced with design/tools/slice-sheet.mjs"
panel_9slice,ui/panel_9slice.png,yes,design/ui/panel_9slice.png,d24d84982838a0ebdbe87b49819f6bd293da3b2f99e8ca0c90369b10b0ba1f6e,a4ba02a7ed4b5c9c2b228beab5e96a330a172ca66a74d376b80c50f9f87dd05b,319568,512,512,e284875b-ff67-4f00-bf7a-1e55b1b67347,gpt_image_2_5,"higgsfield gpt_image_2_5 (high, 2k) job e284875b-ff67-4f00-bf7a-1e55b1b67347 2026-09-30; file design/ui/panel_9slice.png; sliced with design/tools/slice-sheet.mjs"
meter_bar,,no,design/ui/meter_bar.png,1db826766fe554e7086edfe7dfcba3b4c77ed2b7ce858169b0e698e213d70717,,,,,dfe2e4f9-0c65-4275-a305-6755382cb6c9,gpt_image_2_5,"higgsfield gpt_image_2_5 (high, 2k) job dfe2e4f9-0c65-4275-a305-6755382cb6c9 2026-09-30; file design/ui/meter_bar.png; sliced with design/tools/slice-sheet.mjs"
timer_ring,ui/timer_ring.png,yes,design/ui/timer_ring.png,b7cbc7a24028df776fd3d78a657edf6beedaa6fc56a460af496edb1057a3682c,d6e87d99eb7562e553f108ae257d4b7793c650c19d9d4058ad3f07da96ddd138,290945,512,508,dfe2e4f9-0c65-4275-a305-6755382cb6c9,gpt_image_2_5,"higgsfield gpt_image_2_5 (high, 2k) job dfe2e4f9-0c65-4275-a305-6755382cb6c9 2026-09-30; file design/ui/timer_ring.png; sliced with design/tools/slice-sheet.mjs"
logo_title,ui/logo_title.png,yes,design/ui/logo_title.png,8fd4b8d531a07910c10c369438278300cb79811e9ee23f496153a0df8ec5343c,a5270b82c7fcc27a491b9cdf3a379ed17cc7df53a0df260a977b2ed81519fbab,1154431,1400,714,e04c461d-48d5-45c5-b864-ae42b28a8b84,gpt_image_2_5,"higgsfield gpt_image_2_5 (high, transparent) job e04c461d-48d5-45c5-b864-ae42b28a8b84 2026-09-30; tight crop with slice-sheet.mjs; file design/ui/logo_title.png"
icon_life_full,icons/icon_life_full.png,yes,design/icons/icon_life_full.png,7e7a7b36adffad84e0411840ae14213f2f8834682542759afa7ac61c7987f6d5,d12d33b07faeb0616c0c9b6256f5fa665d8685493739fe5d295e8b69897691fd,60031,256,256,b1f52307-154f-4838-b307-31304ca70978,gpt_image_2_5,"higgsfield gpt_image_2_5 (high, 2k) job b1f52307-154f-4838-b307-31304ca70978 2026-09-30; file design/icons/icon_life_full.png; sliced with design/tools/slice-sheet.mjs"
icon_life_empty,icons/icon_life_empty.png,yes,design/icons/icon_life_empty.png,833fe73e71c27d6370913fb8bcc45f442e3116a29c47d4a69c306f32f825392f,b5fd8f1da73add8f47e16740650ce8763632692c729b31cde02b6aab8a96cce8,59174,256,256,b1f52307-154f-4838-b307-31304ca70978,gpt_image_2_5,"higgsfield gpt_image_2_5 (high, 2k) job b1f52307-154f-4838-b307-31304ca70978 2026-09-30; file design/icons/icon_life_empty.png; sliced with design/tools/slice-sheet.mjs"
icon_freeze,icons/icon_freeze.png,yes,design/icons/icon_freeze.png,fe8914dbe40260013beeed147d213036ab2b5cfb19da7da19b33be5c00843323,9f6cc7d2ca837cce68ea139643f8f819d9f7a68894e27f6451d4f6b19678059e,67545,256,256,df69a802-75cd-44a8-b668-d179a0579143,gpt_image_2_5,"higgsfield gpt_image_2_5 (high, 2k) job df69a802-75cd-44a8-b668-d179a0579143 2026-09-30; file design/icons/icon_freeze.png; sliced with design/tools/slice-sheet.mjs"
icon_frenzy,icons/icon_frenzy.png,yes,design/icons/icon_frenzy.png,5c30111fc3a363cefcd7fc6102be1f56de467a8e962dfd2d151e4edabaa90f0d,b8a2e38bfd966042844f5ebbeaa5c5d71a20ae8fa8bd733436cb203e29edd141,52146,256,256,df69a802-75cd-44a8-b668-d179a0579143,gpt_image_2_5,"higgsfield gpt_image_2_5 (high, 2k) job df69a802-75cd-44a8-b668-d179a0579143 2026-09-30; file design/icons/icon_frenzy.png; sliced with design/tools/slice-sheet.mjs"
icon_double,icons/icon_double.png,yes,design/icons/icon_double.png,d65fb2692b7210b3587235de4fb10dcc73bd7926a78c339113d061325c180ad6,4e3ab4800178452886284cbc509926cb15738e3d42a1cb63c33fdb418a470902,66835,256,256,df69a802-75cd-44a8-b668-d179a0579143,gpt_image_2_5,"higgsfield gpt_image_2_5 (high, 2k) job df69a802-75cd-44a8-b668-d179a0579143 2026-09-30; file design/icons/icon_double.png; sliced with design/tools/slice-sheet.mjs"
icon_clock,icons/icon_clock.png,yes,design/icons/icon_clock.png,7ddea22b230990d27876540ffff34d3b207f200a425222f83846a69bdb3f31dc,78bfdef18c2d145dd5ffefb999463c6e29307737b825dabb072ae96f0a06cae8,74627,256,256,df69a802-75cd-44a8-b668-d179a0579143,gpt_image_2_5,"higgsfield gpt_image_2_5 (high, 2k) job df69a802-75cd-44a8-b668-d179a0579143 2026-09-30; file design/icons/icon_clock.png; sliced with design/tools/slice-sheet.mjs"
icon_combo,icons/icon_combo.png,yes,design/icons/icon_combo.png,460849605620759e7dc32668342a117b6079c41aac2be05ce892aa62fdf8412d,184f078472268242122f8cea57664c43f2bb6acbd95c2c4ec687c4c75c7562e8,53853,256,256,b1f52307-154f-4838-b307-31304ca70978,gpt_image_2_5,"higgsfield gpt_image_2_5 (high, 2k) job b1f52307-154f-4838-b307-31304ca70978 2026-09-30; file design/icons/icon_combo.png; sliced with design/tools/slice-sheet.mjs"
icon_trophy,icons/icon_trophy.png,yes,design/icons/icon_trophy.png,04c0cd6cec037e759c7a781c287eaff21e5c963695a83980095449065307b015,e3481e6bb66449301e55a69bffe551c682b03dd8819ae4eb125bf445933c45ac,73580,256,256,b1f52307-154f-4838-b307-31304ca70978,gpt_image_2_5,"higgsfield gpt_image_2_5 (high, 2k) job b1f52307-154f-4838-b307-31304ca70978 2026-09-30; file design/icons/icon_trophy.png; sliced with design/tools/slice-sheet.mjs"
icon_warning,icons/icon_warning.png,yes,design/icons/icon_warning.png,620ba2277dbc6b84c0efa74006d76ecacc7c3d065f75a1f8d2349a93baa0fe85,0d89ba5eb59ac09d5448750c2a4c89924beb420fa68601fcb42cda5fa81f4765,53820,256,256,b1f52307-154f-4838-b307-31304ca70978,gpt_image_2_5,"higgsfield gpt_image_2_5 (high, 2k) job b1f52307-154f-4838-b307-31304ca70978 2026-09-30; file design/icons/icon_warning.png; sliced with design/tools/slice-sheet.mjs"
cursor_idle,ui/cursor_idle.png,yes,design/ui/cursor_idle.png,a474a697a3dcd42147745c792257864441d1a65c1babdaa4446853717d8e478b,833a4bcdcbb1e8ec6c17ee438a82cea685cfe8935e1a764c953b25be00c51b3e,78061,256,261,511440f0-0b2d-487d-a730-5f20a23f29e3,gpt_image_2_5,"higgsfield gpt_image_2_5 (high, 2k) job 511440f0-0b2d-487d-a730-5f20a23f29e3 2026-09-30; file design/ui/cursor_idle.png; sliced with design/tools/slice-sheet.mjs"
cursor_cutting,ui/cursor_cutting.png,yes,design/ui/cursor_cutting.png,62bb69818d8bf65baec82b1f88d88f9a2d0bdf51aea14e3bfc4fd5254fb6406f,4d3a9dc8c666065203ed26b4dbc77c21c8cf2b0dd6874d38cb697734fb79ad88,87274,256,269,511440f0-0b2d-487d-a730-5f20a23f29e3,gpt_image_2_5,"higgsfield gpt_image_2_5 (high, 2k) job 511440f0-0b2d-487d-a730-5f20a23f29e3 2026-09-30; file design/ui/cursor_cutting.png; sliced with design/tools/slice-sheet.mjs"
glyph_joycon_l,icons/glyph_joycon_l.png,yes,design/icons/glyph_joycon_l.png,832d3e0e06a935a441af5b1939ccaf1a3220219ab1267bcb47b142e44f538b48,29908e783f564a409f53f59ec13aeef3e1f0fc349361b621f6f728e3bf9c2622,46345,256,256,9b974f32-3846-4b80-9b69-3a1b370335ae,gpt_image_2_5,"higgsfield gpt_image_2_5 (high, 2k) job 9b974f32-3846-4b80-9b69-3a1b370335ae 2026-09-30; first version, sliced with design/tools/slice-sheet.mjs, REPLACED 2026-10-01 by the generic glyph of design/icons_v2/glyph_joycon_l.png (a neutral gamepad, no copy of a real controller; the generation record of that image is not kept); file design/icons/glyph_joycon_l.png"
glyph_joycon_r,icons/glyph_joycon_r.png,yes,design/icons/glyph_joycon_r.png,65d4c75411eb3c5516887bb5e33d4fdd719db4ee7a39ad2feb28a4415eea24bd,049c17a958f7bb2f7fa1d2e1b2f8b1c93f98a8a97db9334e2f0fb7a2a0387eb0,46058,256,256,9b974f32-3846-4b80-9b69-3a1b370335ae,gpt_image_2_5,"higgsfield gpt_image_2_5 (high, 2k) job 9b974f32-3846-4b80-9b69-3a1b370335ae 2026-09-30; first version, sliced with design/tools/slice-sheet.mjs, REPLACED 2026-10-01 by the generic glyph of design/icons_v2/glyph_joycon_r.png (a neutral gamepad, no copy of a real controller; the generation record of that image is not kept); file design/icons/glyph_joycon_r.png"
glyph_mouse,icons/glyph_mouse.png,yes,design/icons/glyph_mouse.png,71a0cdf79dde7216f2f0a796969d08a3903a449f541cffb39e488fce037079f1,e047480271259ce2286ba435da9c4aa67b42d8294d99f4647888b3b88b7e562c,52729,256,256,9b974f32-3846-4b80-9b69-3a1b370335ae,gpt_image_2_5,"higgsfield gpt_image_2_5 (high, 2k) job 9b974f32-3846-4b80-9b69-3a1b370335ae 2026-09-30; file design/icons/glyph_mouse.png; sliced with design/tools/slice-sheet.mjs"
glyph_keyboard_enter,icons/glyph_keyboard_enter.png,yes,design/icons/glyph_keyboard_enter.png,940313586e05586e655f1eac0d199186249c60d0c7004d8653013660769ae881,7e881fcc0f35f5ab2c2b3d2b9d9a896d51902c16529bb2b95cff6320c7237dbd,63931,256,256,9b974f32-3846-4b80-9b69-3a1b370335ae,gpt_image_2_5,"higgsfield gpt_image_2_5 (high, 2k) job 9b974f32-3846-4b80-9b69-3a1b370335ae 2026-09-30; file design/icons/glyph_keyboard_enter.png; sliced with design/tools/slice-sheet.mjs"
glyph_sync_button,icons/glyph_sync_button.png,yes,design/icons/glyph_sync_button.png,2ce749efa6e94e2097618b84710ab9ddd6601421b09ca3de7c2709fe78c91de9,4c5e7bce0ce6d5ecdc722d139ca99127b3bb47172e04b632e5c2436f970fc437,42367,256,256,9b974f32-3846-4b80-9b69-3a1b370335ae,gpt_image_2_5,"higgsfield gpt_image_2_5 (high, 2k) job 9b974f32-3846-4b80-9b69-3a1b370335ae 2026-09-30; first version, sliced with design/tools/slice-sheet.mjs, REPLACED 2026-10-01 by the generic glyph of design/icons_v2/glyph_sync_button.png (a neutral button with an arrow; the generation record of that image is not kept); file design/icons/glyph_sync_button.png"
font_display,fonts/dojo-display.woff2,yes,design/fonts/src/LilitaOne-Regular.ttf,f5b641c45c69d772ee4eda687bc9fda411d5cad6b0b45371491da4580cbc8d59,097259cb4dfa5e3489455d1436b1282d36ce0d4f5c918a7f069bd51536cbe377,9724,,,,,"font Lilita One 1.002 by Juan Montoreano, SIL-OFL-1.1 (fonts/OFL-lilitaone.txt); upstream google/fonts repository, ofl/lilitaone; Latin subset by design/fonts/build-fonts.py; family ""DojoDisplay"""
font_ui,fonts/dojo-ui.woff2,yes,"design/fonts/src/Fredoka[wdth,wght].ttf",2ba02e68b152868aef9ba28e24b3648c7d457fe6f25c761f2c2c53fb61a73fc8,f481191cc095fd3648a98fc640a912e2f73708a606694684946cc041c368c0fa,27064,,,,,"font Fredoka 2.001 by Milena B. Brandao, Ben Nathan (Fredoka Project Authors), SIL-OFL-1.1 (fonts/OFL-fredoka.txt); upstream google/fonts repository, ofl/fredoka; Latin subset by design/fonts/build-fonts.py; family ""DojoUI"""
