id,role,type,description,size_ratio,style_line_ref,source
fruit_watermelon_whole,fruit,png-transparent,"Watermelon: whole fruit, red flesh, green striped rind, black seeds","512x512 @2x, centred, 12% margin",STYLE-v1.1 (CORE),"higgsfield gpt_image_2_5 (high, transparent) job 7ef7e721-26ee-4e50-be0b-40e96c46faf5 2026-09-30; sliced with design/tools/slice-sheet.mjs; file design/sprites/fruit_watermelon_whole.png"
fruit_watermelon_half_a,fruit,png-transparent,"Watermelon: left half, cut face visible",512x512 @2x,STYLE-v1.1 (CORE),"higgsfield gpt_image_2_5 (high, transparent) job 7ef7e721-26ee-4e50-be0b-40e96c46faf5 2026-09-30; sliced with design/tools/slice-sheet.mjs; file design/sprites/fruit_watermelon_half_a.png"
fruit_watermelon_half_b,fruit,png-transparent,"Watermelon: right half, cut face visible",512x512 @2x,STYLE-v1.1 (CORE),"higgsfield gpt_image_2_5 (high, transparent) job 7ef7e721-26ee-4e50-be0b-40e96c46faf5 2026-09-30; sliced with design/tools/slice-sheet.mjs; file design/sprites/fruit_watermelon_half_b.png"
fx_splash_watermelon,fx,png-transparent,Watermelon: juice splash in the fruit's juice colour,1024x1024 @2x,STYLE-v1.1 (CORE),"higgsfield gpt_image_2_5 (high, transparent) job 332c6e6f-56de-4244-977f-18872178a73d 2026-09-30; sliced with design/tools/slice-sheet.mjs; file design/sprites/fx_splash_watermelon.png"
fruit_pineapple_whole,fruit,png-transparent,"Pineapple: whole fruit, cross-hatch golden skin, five-leaf crown","512x512 @2x, centred, 12% margin",STYLE-v1.1 (CORE),"higgsfield gpt_image_2_5 (high, 2k) job df5b411f-dfb9-40a9-852e-e56dc8426312 2026-09-30; file design/sprites/fruit_pineapple_whole.png; sliced with design/tools/slice-sheet.mjs"
fruit_pineapple_half_a,fruit,png-transparent,"Pineapple: left half, cut face visible",512x512 @2x,STYLE-v1.1 (CORE),"higgsfield gpt_image_2_5 (high, 2k) job df5b411f-dfb9-40a9-852e-e56dc8426312 2026-09-30; file design/sprites/fruit_pineapple_half_a.png; sliced with design/tools/slice-sheet.mjs"
fruit_pineapple_half_b,fruit,png-transparent,"Pineapple: right half, cut face visible",512x512 @2x,STYLE-v1.1 (CORE),"higgsfield gpt_image_2_5 (high, 2k) job df5b411f-dfb9-40a9-852e-e56dc8426312 2026-09-30; file design/sprites/fruit_pineapple_half_b.png; sliced with design/tools/slice-sheet.mjs"
fx_splash_pineapple,fx,png-transparent,Pineapple: juice splash in the fruit's juice colour,1024x1024 @2x,STYLE-v1.1 (CORE),"higgsfield gpt_image_2_5 (high, 2k) job a50d9ff4-1bc7-4680-9ede-8204b323b819 2026-09-30; file design/sprites/fx_splash_pineapple.png; sliced with design/tools/slice-sheet.mjs"
fruit_apple_whole,fruit,png-transparent,"Apple: whole fruit, red apple, dip at the top, stem and one leaf","512x512 @2x, centred, 12% margin",STYLE-v1.1 (CORE),"higgsfield gpt_image_2_5 (high, transparent) job 64472f6c-f9e1-4263-9290-d8d5bbbb27f6 2026-09-30; sliced with design/tools/slice-sheet.mjs; file design/sprites/fruit_apple_whole.png"
fruit_apple_half_a,fruit,png-transparent,"Apple: left half, cut face visible",512x512 @2x,STYLE-v1.1 (CORE),"higgsfield gpt_image_2_5 (high, transparent) job 64472f6c-f9e1-4263-9290-d8d5bbbb27f6 2026-09-30; sliced with design/tools/slice-sheet.mjs; file design/sprites/fruit_apple_half_a.png"
fruit_apple_half_b,fruit,png-transparent,"Apple: right half, cut face visible",512x512 @2x,STYLE-v1.1 (CORE),"higgsfield gpt_image_2_5 (high, transparent) job 64472f6c-f9e1-4263-9290-d8d5bbbb27f6 2026-09-30; sliced with design/tools/slice-sheet.mjs; file design/sprites/fruit_apple_half_b.png"
fx_splash_apple,fx,png-transparent,Apple: juice splash in the fruit's juice colour,1024x1024 @2x,STYLE-v1.1 (CORE),"higgsfield gpt_image_2_5 (high, transparent) job 332c6e6f-56de-4244-977f-18872178a73d 2026-09-30; sliced with design/tools/slice-sheet.mjs; file design/sprites/fx_splash_apple.png"
fruit_orange_whole,fruit,png-transparent,"Orange: whole fruit, orange with dimples, ten-wedge cut face","512x512 @2x, centred, 12% margin",STYLE-v1.1 (CORE),"higgsfield gpt_image_2_5 (high, transparent) job 74c596b6-ef1b-4b35-a5fa-9e4bfc32867f 2026-09-30; sliced with design/tools/slice-sheet.mjs; file design/sprites/fruit_orange_whole.png"
fruit_orange_half_a,fruit,png-transparent,"Orange: left half, cut face visible",512x512 @2x,STYLE-v1.1 (CORE),"higgsfield gpt_image_2_5 (high, transparent) job 74c596b6-ef1b-4b35-a5fa-9e4bfc32867f 2026-09-30; sliced with design/tools/slice-sheet.mjs; file design/sprites/fruit_orange_half_a.png"
fruit_orange_half_b,fruit,png-transparent,"Orange: right half, cut face visible",512x512 @2x,STYLE-v1.1 (CORE),"higgsfield gpt_image_2_5 (high, transparent) job 74c596b6-ef1b-4b35-a5fa-9e4bfc32867f 2026-09-30; sliced with design/tools/slice-sheet.mjs; file design/sprites/fruit_orange_half_b.png"
fx_splash_orange,fx,png-transparent,Orange: juice splash in the fruit's juice colour,1024x1024 @2x,STYLE-v1.1 (CORE),"higgsfield gpt_image_2_5 (high, transparent) job 332c6e6f-56de-4244-977f-18872178a73d 2026-09-30; sliced with design/tools/slice-sheet.mjs; file design/sprites/fx_splash_orange.png"
fruit_pear_whole,fruit,png-transparent,"Pear: whole fruit, two-lobed pear, olive green with blush","512x512 @2x, centred, 12% margin",STYLE-v1.1 (CORE),"higgsfield gpt_image_2_5 (high, 2k) job 37dddd4e-f1f1-4cbb-8f6d-ec7139208b5b 2026-09-30; file design/sprites/fruit_pear_whole.png; sliced with design/tools/slice-sheet.mjs"
fruit_pear_half_a,fruit,png-transparent,"Pear: left half, cut face visible",512x512 @2x,STYLE-v1.1 (CORE),"higgsfield gpt_image_2_5 (high, 2k) job 37dddd4e-f1f1-4cbb-8f6d-ec7139208b5b 2026-09-30; file design/sprites/fruit_pear_half_a.png; sliced with design/tools/slice-sheet.mjs"
fruit_pear_half_b,fruit,png-transparent,"Pear: right half, cut face visible",512x512 @2x,STYLE-v1.1 (CORE),"higgsfield gpt_image_2_5 (high, 2k) job 37dddd4e-f1f1-4cbb-8f6d-ec7139208b5b 2026-09-30; file design/sprites/fruit_pear_half_b.png; sliced with design/tools/slice-sheet.mjs"
fx_splash_pear,fx,png-transparent,Pear: juice splash in the fruit's juice colour,1024x1024 @2x,STYLE-v1.1 (CORE),"higgsfield gpt_image_2_5 (high, 2k) job a50d9ff4-1bc7-4680-9ede-8204b323b819 2026-09-30; file design/sprites/fx_splash_pear.png; sliced with design/tools/slice-sheet.mjs"
fruit_peach_whole,fruit,png-transparent,"Peach: whole fruit, peach with vertical seam, brown pit","512x512 @2x, centred, 12% margin",STYLE-v1.1 (CORE),"higgsfield gpt_image_2_5 (high, 2k) job ca91224b-e69c-4a04-9f0b-69ffbe996aa7 2026-09-30; file design/sprites/fruit_peach_whole.png; sliced with design/tools/slice-sheet.mjs"
fruit_peach_half_a,fruit,png-transparent,"Peach: left half, cut face visible",512x512 @2x,STYLE-v1.1 (CORE),"higgsfield gpt_image_2_5 (high, 2k) job ca91224b-e69c-4a04-9f0b-69ffbe996aa7 2026-09-30; file design/sprites/fruit_peach_half_a.png; sliced with design/tools/slice-sheet.mjs"
fruit_peach_half_b,fruit,png-transparent,"Peach: right half, cut face visible",512x512 @2x,STYLE-v1.1 (CORE),"higgsfield gpt_image_2_5 (high, 2k) job ca91224b-e69c-4a04-9f0b-69ffbe996aa7 2026-09-30; file design/sprites/fruit_peach_half_b.png; sliced with design/tools/slice-sheet.mjs"
fx_splash_peach,fx,png-transparent,Peach: juice splash in the fruit's juice colour,1024x1024 @2x,STYLE-v1.1 (CORE),"higgsfield gpt_image_2_5 (high, 2k) job a50d9ff4-1bc7-4680-9ede-8204b323b819 2026-09-30; file design/sprites/fx_splash_peach.png; sliced with design/tools/slice-sheet.mjs"
fruit_lemon_whole,fruit,png-transparent,"Lemon: whole fruit, lemon shape with nubs at both tips","512x512 @2x, centred, 12% margin",STYLE-v1.1 (CORE),"higgsfield gpt_image_2_5 (high, 2k) job f03f7cef-2bae-4173-ac00-2f32b1723464 2026-09-30; file design/sprites/fruit_lemon_whole.png; sliced with design/tools/slice-sheet.mjs"
fruit_lemon_half_a,fruit,png-transparent,"Lemon: left half, cut face visible",512x512 @2x,STYLE-v1.1 (CORE),"higgsfield gpt_image_2_5 (high, 2k) job f03f7cef-2bae-4173-ac00-2f32b1723464 2026-09-30; file design/sprites/fruit_lemon_half_a.png; sliced with design/tools/slice-sheet.mjs"
fruit_lemon_half_b,fruit,png-transparent,"Lemon: right half, cut face visible",512x512 @2x,STYLE-v1.1 (CORE),"higgsfield gpt_image_2_5 (high, 2k) job f03f7cef-2bae-4173-ac00-2f32b1723464 2026-09-30; file design/sprites/fruit_lemon_half_b.png; sliced with design/tools/slice-sheet.mjs"
fx_splash_lemon,fx,png-transparent,Lemon: juice splash in the fruit's juice colour,1024x1024 @2x,STYLE-v1.1 (CORE),"higgsfield gpt_image_2_5 (high, 2k) job a50d9ff4-1bc7-4680-9ede-8204b323b819 2026-09-30; file design/sprites/fx_splash_lemon.png; sliced with design/tools/slice-sheet.mjs"
fruit_kiwi_whole,fruit,png-transparent,"Kiwi: whole fruit, fuzzy brown skin, green flesh, ring of black seeds","512x512 @2x, centred, 12% margin",STYLE-v1.1 (CORE),"higgsfield gpt_image_2_5 (high, 2k) job c9e57cfa-37ff-4a52-998a-6e763d227b00 2026-09-30; file design/sprites/fruit_kiwi_whole.png; sliced with design/tools/slice-sheet.mjs"
fruit_kiwi_half_a,fruit,png-transparent,"Kiwi: left half, cut face visible",512x512 @2x,STYLE-v1.1 (CORE),"higgsfield gpt_image_2_5 (high, 2k) job c9e57cfa-37ff-4a52-998a-6e763d227b00 2026-09-30; file design/sprites/fruit_kiwi_half_a.png; sliced with design/tools/slice-sheet.mjs"
fruit_kiwi_half_b,fruit,png-transparent,"Kiwi: right half, cut face visible",512x512 @2x,STYLE-v1.1 (CORE),"higgsfield gpt_image_2_5 (high, 2k) job c9e57cfa-37ff-4a52-998a-6e763d227b00 2026-09-30; file design/sprites/fruit_kiwi_half_b.png; sliced with design/tools/slice-sheet.mjs"
fx_splash_kiwi,fx,png-transparent,Kiwi: juice splash in the fruit's juice colour,1024x1024 @2x,STYLE-v1.1 (CORE),"higgsfield gpt_image_2_5 (high, 2k) job ab6301d1-0bbd-4960-8746-9167cdf8ee1a 2026-09-30; file design/sprites/fx_splash_kiwi.png; sliced with design/tools/slice-sheet.mjs"
fruit_strawberry_whole,fruit,png-transparent,"Strawberry: whole fruit, heart-shaped strawberry, leaf calyx, seed flecks","512x512 @2x, centred, 12% margin",STYLE-v1.1 (CORE),"higgsfield gpt_image_2_5 (high, transparent) job d4719e45-c46c-43d6-9896-cfa7423d29d5 2026-09-30; sliced with design/tools/slice-sheet.mjs; file design/sprites/fruit_strawberry_whole.png"
fruit_strawberry_half_a,fruit,png-transparent,"Strawberry: left half, cut face visible",512x512 @2x,STYLE-v1.1 (CORE),"higgsfield gpt_image_2_5 (high, transparent) job d4719e45-c46c-43d6-9896-cfa7423d29d5 2026-09-30; sliced with design/tools/slice-sheet.mjs; file design/sprites/fruit_strawberry_half_a.png"
fruit_strawberry_half_b,fruit,png-transparent,"Strawberry: right half, cut face visible",512x512 @2x,STYLE-v1.1 (CORE),"higgsfield gpt_image_2_5 (high, transparent) job d4719e45-c46c-43d6-9896-cfa7423d29d5 2026-09-30; sliced with design/tools/slice-sheet.mjs; file design/sprites/fruit_strawberry_half_b.png"
fx_splash_strawberry,fx,png-transparent,Strawberry: juice splash in the fruit's juice colour,1024x1024 @2x,STYLE-v1.1 (CORE),"higgsfield gpt_image_2_5 (high, transparent) job 332c6e6f-56de-4244-977f-18872178a73d 2026-09-30; sliced with design/tools/slice-sheet.mjs; file design/sprites/fx_splash_strawberry.png"
fruit_cherry_whole,fruit,png-transparent,"Cherry: whole fruit, cherry with long curved stem, dark red","512x512 @2x, centred, 12% margin",STYLE-v1.1 (CORE),"higgsfield gpt_image_2_5 (high, 2k) job 28aef09e-4fe5-4fec-b213-2ec4ac3d6ca7 2026-09-30; file design/sprites/fruit_cherry_whole.png; sliced with design/tools/slice-sheet.mjs"
fruit_cherry_half_a,fruit,png-transparent,"Cherry: left half, cut face visible",512x512 @2x,STYLE-v1.1 (CORE),"higgsfield gpt_image_2_5 (high, 2k) job 28aef09e-4fe5-4fec-b213-2ec4ac3d6ca7 2026-09-30; file design/sprites/fruit_cherry_half_a.png; sliced with design/tools/slice-sheet.mjs"
fruit_cherry_half_b,fruit,png-transparent,"Cherry: right half, cut face visible",512x512 @2x,STYLE-v1.1 (CORE),"higgsfield gpt_image_2_5 (high, 2k) job 28aef09e-4fe5-4fec-b213-2ec4ac3d6ca7 2026-09-30; file design/sprites/fruit_cherry_half_b.png; sliced with design/tools/slice-sheet.mjs"
fx_splash_cherry,fx,png-transparent,Cherry: juice splash in the fruit's juice colour,1024x1024 @2x,STYLE-v1.1 (CORE),"higgsfield gpt_image_2_5 (high, 2k) job ab6301d1-0bbd-4960-8746-9167cdf8ee1a 2026-09-30; file design/sprites/fx_splash_cherry.png; sliced with design/tools/slice-sheet.mjs"
fruit_golden_whole,fruit,png-transparent,Golden Apple: gold apple with shine and glow ring,512x512 @2x,STYLE-v1.1 (CORE),"higgsfield gpt_image_2_5 (high, transparent) job 1c6b290e-aa6c-4fd8-90f3-989651f91fd7 2026-09-30; sliced with design/tools/slice-sheet.mjs; file design/sprites/fruit_golden_whole.png"
fruit_golden_half_a,fruit,png-transparent,Golden Apple: left half,512x512 @2x,STYLE-v1.1 (CORE),"higgsfield gpt_image_2_5 (high, transparent) job 1c6b290e-aa6c-4fd8-90f3-989651f91fd7 2026-09-30; sliced with design/tools/slice-sheet.mjs; file design/sprites/fruit_golden_half_a.png"
fruit_golden_half_b,fruit,png-transparent,Golden Apple: right half,512x512 @2x,STYLE-v1.1 (CORE),"higgsfield gpt_image_2_5 (high, transparent) job 1c6b290e-aa6c-4fd8-90f3-989651f91fd7 2026-09-30; sliced with design/tools/slice-sheet.mjs; file design/sprites/fruit_golden_half_b.png"
fx_splash_golden,fx,png-transparent,Gold splash with sparkles,1024x1024 @2x,STYLE-v1.1 (CORE),"higgsfield gpt_image_2_5 (high, 2k) job ab6301d1-0bbd-4960-8746-9167cdf8ee1a 2026-09-30; file design/sprites/fx_splash_golden.png; sliced with design/tools/slice-sheet.mjs"
bomb_whole,hazard,png-transparent,"Bomb: near-black body, vermilion band, fuse; readable by shape and pattern, not only colour",512x512 @2x,STYLE-v1.1 (CORE),"higgsfield gpt_image_2_5 (high, transparent) job 3c31d31c-186c-4103-926a-9f99071447c0 2026-09-30; sliced with design/tools/slice-sheet.mjs; file design/sprites/bomb_whole.png"
fx_bomb_explosion,fx,png-transparent,"Ink-and-fire burst, 1 hero frame",1024x1024 @2x,STYLE-v1.1 (CORE),"higgsfield gpt_image_2_5 (high, 2k) job 05667150-b686-4c4a-808c-bb3c7d768887 2026-09-30; file design/fx/fx_bomb_explosion.png; sliced with design/tools/slice-sheet.mjs"
medallion_freeze,power-up,png-transparent,"Freeze medallion: round, double ink rim, icon centred",512x512 @2x,STYLE-v1.1 (CORE),"higgsfield gpt_image_2_5 (high, transparent) job 3c31d31c-186c-4103-926a-9f99071447c0 2026-09-30; sliced with design/tools/slice-sheet.mjs; file design/sprites/medallion_freeze.png"
medallion_frenzy,power-up,png-transparent,"Frenzy medallion: round, double ink rim, icon centred",512x512 @2x,STYLE-v1.1 (CORE),"higgsfield gpt_image_2_5 (high, transparent) job 3c31d31c-186c-4103-926a-9f99071447c0 2026-09-30; sliced with design/tools/slice-sheet.mjs; file design/sprites/medallion_frenzy.png"
medallion_double,power-up,png-transparent,"Double medallion: round, double ink rim, icon centred",512x512 @2x,STYLE-v1.1 (CORE),"higgsfield gpt_image_2_5 (high, transparent) job 3c31d31c-186c-4103-926a-9f99071447c0 2026-09-30; sliced with design/tools/slice-sheet.mjs; file design/sprites/medallion_double.png"
medallion_clock,power-up,png-transparent,"Clock medallion: round, double ink rim, icon centred",512x512 @2x,STYLE-v1.1 (CORE),"higgsfield gpt_image_2_5 (high, transparent) job 3c31d31c-186c-4103-926a-9f99071447c0 2026-09-30; sliced with design/tools/slice-sheet.mjs; file design/sprites/medallion_clock.png"
fx_slice_flash,fx,png-transparent,Slice flash: thin bright diagonal ink-brush slash,1024x256 @2x,STYLE-v1.1 (CORE),"higgsfield gpt_image_2_5 (high, 2k) job 05667150-b686-4c4a-808c-bb3c7d768887 2026-09-30; file design/fx/fx_slice_flash.png; sliced with design/tools/slice-sheet.mjs"
fx_blade_trail_tex,fx,png-transparent,"Brush-stroke texture for the blade trail, horizontally tileable",1024x128 @2x,STYLE-v1.1 (CORE),"higgsfield gpt_image_2_5 (high, 2k) job 05667150-b686-4c4a-808c-bb3c7d768887 2026-09-30; file design/fx/fx_blade_trail_tex.png; sliced with design/tools/slice-sheet.mjs"
bg_classic_far,background,png,"Classic: dojo at dawn (evolution of the current Ink and Paper Dojo) - far layer (sky, sun, distant ridges)","3840x2160 @2x, opaque",STYLE-v1.1 (CORE + SCENE),"higgsfield gpt_image_2_5 (high, 4k) job ceb210d3-f169-4558-9779-2f7cce353399 2026-09-30; far v2: flat sun, edit of the first far layer (job 9b46b9c0-739a-4927-a041-e463c7c605ac); file design/backgrounds/bg_classic_far.png"
bg_classic_mid,background,png-transparent,Classic: dojo at dawn (evolution of the current Ink and Paper Dojo) - mid layer,3840x2160 @2x,STYLE-v1.1 (CORE + SCENE),"higgsfield gpt_image_2_5 (high, 4k) job bf253e19-5112-4669-a495-87a097972c53 2026-09-30; mid v2, far v2 as reference; file design/backgrounds/bg_classic_mid.png"
bg_classic_near,background,png-transparent,"Classic: dojo at dawn (evolution of the current Ink and Paper Dojo) - near layer (framing elements at the edges only, centre stays clear)",3840x2160 @2x,STYLE-v1.1 (CORE + SCENE),"higgsfield gpt_image_2_5 (high, 4k) job 6aa2b456-6b9c-4d5c-8304-80e0944273b4 2026-09-30; near v3: slim bamboo only, no mist (v2 had opaque cream patches); file design/backgrounds/bg_classic_near.png"
bg_arcade_far,background,png,"Arcade: lantern festival at dusk - far layer (sky, sun, distant ridges)","3840x2160 @2x, opaque",STYLE-v1.1 (CORE + SCENE),"higgsfield gpt_image_2_5 (high, 4k) job a0234f97-46a7-4a05-a7e7-8b8776cd69c4 2026-09-30; file design/backgrounds/bg_arcade_far.png"
bg_arcade_mid,background,png-transparent,Arcade: lantern festival at dusk - mid layer,3840x2160 @2x,STYLE-v1.1 (CORE + SCENE),"higgsfield gpt_image_2_5 (high, 4k) job 45a17aeb-a913-413b-9e2e-c812bdcbeb71 2026-09-30; file design/backgrounds/bg_arcade_mid.png"
bg_arcade_near,background,png-transparent,"Arcade: lantern festival at dusk - near layer (framing elements at the edges only, centre stays clear)",3840x2160 @2x,STYLE-v1.1 (CORE + SCENE),"higgsfield gpt_image_2_5 (high, 4k) job e850a836-538e-437d-939f-16169153f8f9 2026-09-30; file design/backgrounds/bg_arcade_near.png"
bg_zen_far,background,png,"Zen: stone garden with cherry trees - far layer (sky, sun, distant ridges)","3840x2160 @2x, opaque",STYLE-v1.1 (CORE + SCENE),"higgsfield gpt_image_2_5 (high, 4k) job 75357c23-cdcd-4a61-b316-1b11fb835d37 2026-09-30; file design/backgrounds/bg_zen_far.png"
bg_zen_mid,background,png-transparent,Zen: stone garden with cherry trees - mid layer,3840x2160 @2x,STYLE-v1.1 (CORE + SCENE),"higgsfield gpt_image_2_5 (high, 4k) job 77c0b5ba-57e5-488c-a83b-543158709861 2026-09-30; file design/backgrounds/bg_zen_mid.png"
bg_zen_near,background,png-transparent,"Zen: stone garden with cherry trees - near layer (framing elements at the edges only, centre stays clear)",3840x2160 @2x,STYLE-v1.1 (CORE + SCENE),"higgsfield gpt_image_2_5 (high, 4k) job e1e7281a-7398-4d1b-97a4-ab6d15aeede8 2026-09-30; file design/backgrounds/bg_zen_near.png"
bg_menu_far,background,png,"Menu: the dojo at night, darker version - far layer (sky, sun, distant ridges)","3840x2160 @2x, opaque",STYLE-v1.1 (CORE + SCENE),"higgsfield gpt_image_2_5 (high, 4k) job 725069c5-1fec-42d6-98bf-65a9eb6334e3 2026-09-30; file design/backgrounds/bg_menu_far.png"
bg_menu_mid,background,png-transparent,"Menu: the dojo at night, darker version - mid layer",3840x2160 @2x,STYLE-v1.1 (CORE + SCENE),"higgsfield gpt_image_2_5 (high, 4k) job c0851811-1c9f-4462-8d7e-2ca6efd6f4b6 2026-09-30; file design/backgrounds/bg_menu_mid.png"
bg_menu_near,background,png-transparent,"Menu: the dojo at night, darker version - near layer (framing elements at the edges only, centre stays clear)",3840x2160 @2x,STYLE-v1.1 (CORE + SCENE),"higgsfield gpt_image_2_5 (high, 4k) job bf514e3a-4e1b-4fc2-b32d-2d1ead005b1e 2026-09-30; file design/backgrounds/bg_menu_near.png"
button_primary_default,ui,png-transparent,"Primary button, default state (hanko-seal label plate on paper strip, empty of text)","840 wide @2x, about 840x262",STYLE-v1.1 (CORE),"higgsfield gpt_image_2_5 (high, transparent) job 3e80856d-8576-4c15-bf36-2d1965040979 2026-09-30; sliced with design/tools/slice-sheet.mjs; file design/ui/button_primary_default.png"
button_secondary_default,ui,png-transparent,"Secondary button, default state",840x260 @2x,STYLE-v1.1 (CORE),"higgsfield gpt_image_2_5 (high, 2k) job f18bf3ad-8100-4531-8a50-4965b41be150 2026-09-30; file design/ui/button_secondary_default.png; sliced with design/tools/slice-sheet.mjs"
stepper_minus_default,ui,png-transparent,"Stepper '-' button, default",168x168 @2x,STYLE-v1.1 (CORE),"higgsfield gpt_image_2_5 (high, 2k) job fa4675d9-2d4c-47bb-b19d-ab1575d25483 2026-09-30; file design/ui/stepper_minus_default.png; sliced with design/tools/slice-sheet.mjs"
stepper_plus_default,ui,png-transparent,"Stepper '+' button, default",168x168 @2x,STYLE-v1.1 (CORE),"higgsfield gpt_image_2_5 (high, 2k) job fa4675d9-2d4c-47bb-b19d-ab1575d25483 2026-09-30; file design/ui/stepper_plus_default.png; sliced with design/tools/slice-sheet.mjs"
button_primary_focused,ui,png-transparent,"Primary button, focused state (hanko-seal label plate on paper strip, empty of text)","840 wide @2x, about 840x262",STYLE-v1.1 (CORE),"higgsfield gpt_image_2_5 (high, transparent) job 3e80856d-8576-4c15-bf36-2d1965040979 2026-09-30; sliced with design/tools/slice-sheet.mjs; file design/ui/button_primary_focused.png"
button_secondary_focused,ui,png-transparent,"Secondary button, focused state",840x260 @2x,STYLE-v1.1 (CORE),"higgsfield gpt_image_2_5 (high, 2k) job f18bf3ad-8100-4531-8a50-4965b41be150 2026-09-30; file design/ui/button_secondary_focused.png; sliced with design/tools/slice-sheet.mjs"
stepper_minus_focused,ui,png-transparent,"Stepper '-' button, focused",168x168 @2x,STYLE-v1.1 (CORE),"higgsfield gpt_image_2_5 (high, 2k) job fa4675d9-2d4c-47bb-b19d-ab1575d25483 2026-09-30; file design/ui/stepper_minus_focused.png; sliced with design/tools/slice-sheet.mjs"
stepper_plus_focused,ui,png-transparent,"Stepper '+' button, focused",168x168 @2x,STYLE-v1.1 (CORE),"higgsfield gpt_image_2_5 (high, 2k) job fa4675d9-2d4c-47bb-b19d-ab1575d25483 2026-09-30; file design/ui/stepper_plus_focused.png; sliced with design/tools/slice-sheet.mjs"
button_primary_pressed,ui,png-transparent,"Primary button, pressed state (hanko-seal label plate on paper strip, empty of text)","840 wide @2x, about 840x262",STYLE-v1.1 (CORE),"higgsfield gpt_image_2_5 (high, transparent) job 3e80856d-8576-4c15-bf36-2d1965040979 2026-09-30; sliced with design/tools/slice-sheet.mjs; file design/ui/button_primary_pressed.png"
button_secondary_pressed,ui,png-transparent,"Secondary button, pressed state",840x260 @2x,STYLE-v1.1 (CORE),"higgsfield gpt_image_2_5 (high, 2k) job f18bf3ad-8100-4531-8a50-4965b41be150 2026-09-30; file design/ui/button_secondary_pressed.png; sliced with design/tools/slice-sheet.mjs"
stepper_minus_pressed,ui,png-transparent,"Stepper '-' button, pressed",168x168 @2x,STYLE-v1.1 (CORE),"higgsfield gpt_image_2_5 (high, 2k) job fa4675d9-2d4c-47bb-b19d-ab1575d25483 2026-09-30; file design/ui/stepper_minus_pressed.png; sliced with design/tools/slice-sheet.mjs"
stepper_plus_pressed,ui,png-transparent,"Stepper '+' button, pressed",168x168 @2x,STYLE-v1.1 (CORE),"higgsfield gpt_image_2_5 (high, 2k) job fa4675d9-2d4c-47bb-b19d-ab1575d25483 2026-09-30; file design/ui/stepper_plus_pressed.png; sliced with design/tools/slice-sheet.mjs"
button_primary_disabled,ui,png-transparent,"Primary button, disabled state (hanko-seal label plate on paper strip, empty of text)","840 wide @2x, about 840x262",STYLE-v1.1 (CORE),"higgsfield gpt_image_2_5 (high, transparent) job 3e80856d-8576-4c15-bf36-2d1965040979 2026-09-30; sliced with design/tools/slice-sheet.mjs; file design/ui/button_primary_disabled.png"
button_secondary_disabled,ui,png-transparent,"Secondary button, disabled state",840x260 @2x,STYLE-v1.1 (CORE),"higgsfield gpt_image_2_5 (high, 2k) job f18bf3ad-8100-4531-8a50-4965b41be150 2026-09-30; file design/ui/button_secondary_disabled.png; sliced with design/tools/slice-sheet.mjs"
stepper_minus_disabled,ui,png-transparent,"Stepper '-' button, disabled",168x168 @2x,STYLE-v1.1 (CORE),"higgsfield gpt_image_2_5 (high, 2k) job fa4675d9-2d4c-47bb-b19d-ab1575d25483 2026-09-30; file design/ui/stepper_minus_disabled.png; sliced with design/tools/slice-sheet.mjs"
stepper_plus_disabled,ui,png-transparent,"Stepper '+' button, disabled",168x168 @2x,STYLE-v1.1 (CORE),"higgsfield gpt_image_2_5 (high, 2k) job fa4675d9-2d4c-47bb-b19d-ab1575d25483 2026-09-30; file design/ui/stepper_plus_disabled.png; sliced with design/tools/slice-sheet.mjs"
toggle_off,ui,png-transparent,"Two-cell toggle, off state",420x168 @2x,STYLE-v1.1 (CORE),"higgsfield gpt_image_2_5 (high, 2k) job 1d64b9f5-5091-4b1b-84d7-f98c17116c15 2026-09-30; file design/ui/toggle_off.png; sliced with design/tools/slice-sheet.mjs"
toggle_on,ui,png-transparent,"Two-cell toggle, on state",420x168 @2x,STYLE-v1.1 (CORE),"higgsfield gpt_image_2_5 (high, 2k) job 1d64b9f5-5091-4b1b-84d7-f98c17116c15 2026-09-30; file design/ui/toggle_on.png; sliced with design/tools/slice-sheet.mjs"
toggle_focused,ui,png-transparent,"Two-cell toggle, focused state",420x168 @2x,STYLE-v1.1 (CORE),"higgsfield gpt_image_2_5 (high, 2k) job 1d64b9f5-5091-4b1b-84d7-f98c17116c15 2026-09-30; file design/ui/toggle_focused.png; sliced with design/tools/slice-sheet.mjs"
panel_9slice,ui,png-transparent,"Paper panel with ink border and hard offset shadow, 9-slice",512x512 @2x,STYLE-v1.1 (CORE),"higgsfield gpt_image_2_5 (high, 2k) job e284875b-ff67-4f00-bf7a-1e55b1b67347 2026-09-30; file design/ui/panel_9slice.png; sliced with design/tools/slice-sheet.mjs"
meter_bar,ui,png-transparent,Speed meter bar frame with threshold marker slot,1600x120 @2x,STYLE-v1.1 (CORE),"higgsfield gpt_image_2_5 (high, 2k) job dfe2e4f9-0c65-4275-a305-6755382cb6c9 2026-09-30; file design/ui/meter_bar.png; sliced with design/tools/slice-sheet.mjs"
timer_ring,ui,png-transparent,Arcade/Zen timer ring frame,256x256 @2x,STYLE-v1.1 (CORE),"higgsfield gpt_image_2_5 (high, 2k) job dfe2e4f9-0c65-4275-a305-6755382cb6c9 2026-09-30; file design/ui/timer_ring.png; sliced with design/tools/slice-sheet.mjs"
logo_title,ui,png-transparent,"Game logo, original lettering, no Nintendo or Fruit Ninja elements","1600 wide, tight crop",STYLE-v1.1 (CORE),"higgsfield gpt_image_2_5 (high, transparent) job e04c461d-48d5-45c5-b864-ae42b28a8b84 2026-09-30; tight crop with slice-sheet.mjs; file design/ui/logo_title.png"
icon_life_full,icon,png-transparent,"Life apple, full",256x256 @2x,STYLE-v1.1 (CORE),"higgsfield gpt_image_2_5 (high, 2k) job b1f52307-154f-4838-b307-31304ca70978 2026-09-30; file design/icons/icon_life_full.png; sliced with design/tools/slice-sheet.mjs"
icon_life_empty,icon,png-transparent,"Life apple, empty/lost",256x256 @2x,STYLE-v1.1 (CORE),"higgsfield gpt_image_2_5 (high, 2k) job b1f52307-154f-4838-b307-31304ca70978 2026-09-30; file design/icons/icon_life_empty.png; sliced with design/tools/slice-sheet.mjs"
icon_freeze,icon,png-transparent,"Icon: snowflake, 4 px ink outline, silhouette distinct",256x256 @2x,STYLE-v1.1 (CORE),"higgsfield gpt_image_2_5 (high, 2k) job df69a802-75cd-44a8-b668-d179a0579143 2026-09-30; file design/icons/icon_freeze.png; sliced with design/tools/slice-sheet.mjs"
icon_frenzy,icon,png-transparent,"Icon: flame, 4 px ink outline, silhouette distinct",256x256 @2x,STYLE-v1.1 (CORE),"higgsfield gpt_image_2_5 (high, 2k) job df69a802-75cd-44a8-b668-d179a0579143 2026-09-30; file design/icons/icon_frenzy.png; sliced with design/tools/slice-sheet.mjs"
icon_double,icon,png-transparent,"Icon: x2 seal, 4 px ink outline, silhouette distinct",256x256 @2x,STYLE-v1.1 (CORE),"higgsfield gpt_image_2_5 (high, 2k) job df69a802-75cd-44a8-b668-d179a0579143 2026-09-30; file design/icons/icon_double.png; sliced with design/tools/slice-sheet.mjs"
icon_clock,icon,png-transparent,"Icon: paper clock, 4 px ink outline, silhouette distinct",256x256 @2x,STYLE-v1.1 (CORE),"higgsfield gpt_image_2_5 (high, 2k) job df69a802-75cd-44a8-b668-d179a0579143 2026-09-30; file design/icons/icon_clock.png; sliced with design/tools/slice-sheet.mjs"
icon_combo,icon,png-transparent,"Icon: combo burst, 4 px ink outline, silhouette distinct",256x256 @2x,STYLE-v1.1 (CORE),"higgsfield gpt_image_2_5 (high, 2k) job b1f52307-154f-4838-b307-31304ca70978 2026-09-30; file design/icons/icon_combo.png; sliced with design/tools/slice-sheet.mjs"
icon_trophy,icon,png-transparent,"Icon: new record seal, 4 px ink outline, silhouette distinct",256x256 @2x,STYLE-v1.1 (CORE),"higgsfield gpt_image_2_5 (high, 2k) job b1f52307-154f-4838-b307-31304ca70978 2026-09-30; file design/icons/icon_trophy.png; sliced with design/tools/slice-sheet.mjs"
icon_warning,icon,png-transparent,"Icon: bomb warning triangle, 4 px ink outline, silhouette distinct",256x256 @2x,STYLE-v1.1 (CORE),"higgsfield gpt_image_2_5 (high, 2k) job b1f52307-154f-4838-b307-31304ca70978 2026-09-30; file design/icons/icon_warning.png; sliced with design/tools/slice-sheet.mjs"
cursor_idle,ui,png-transparent,"sword-point cursor, idle",128x128 @2x,STYLE-v1.1 (CORE),"higgsfield gpt_image_2_5 (high, 2k) job 511440f0-0b2d-487d-a730-5f20a23f29e3 2026-09-30; file design/ui/cursor_idle.png; sliced with design/tools/slice-sheet.mjs"
cursor_cutting,ui,png-transparent,"sword-point cursor, cutting state",128x128 @2x,STYLE-v1.1 (CORE),"higgsfield gpt_image_2_5 (high, 2k) job 511440f0-0b2d-487d-a730-5f20a23f29e3 2026-09-30; file design/ui/cursor_cutting.png; sliced with design/tools/slice-sheet.mjs"
glyph_joycon_l,glyph,png-transparent,"generic gamepad glyph, left side marker (neutral, not a Joy-Con copy)",256x256 @2x,STYLE-v1.1 (CORE),"higgsfield gpt_image_2_5 (high, 2k) job 9b974f32-3846-4b80-9b69-3a1b370335ae 2026-09-30; first version, sliced with design/tools/slice-sheet.mjs, REPLACED 2026-10-01 by the generic glyph of design/icons_v2/glyph_joycon_l.png (a neutral gamepad, no copy of a real controller; the generation record of that image is not kept); file design/icons/glyph_joycon_l.png"
glyph_joycon_r,glyph,png-transparent,"generic gamepad glyph, right side marker (neutral, not a Joy-Con copy)",256x256 @2x,STYLE-v1.1 (CORE),"higgsfield gpt_image_2_5 (high, 2k) job 9b974f32-3846-4b80-9b69-3a1b370335ae 2026-09-30; first version, sliced with design/tools/slice-sheet.mjs, REPLACED 2026-10-01 by the generic glyph of design/icons_v2/glyph_joycon_r.png (a neutral gamepad, no copy of a real controller; the generation record of that image is not kept); file design/icons/glyph_joycon_r.png"
glyph_mouse,glyph,png-transparent,mouse glyph,256x256 @2x,STYLE-v1.1 (CORE),"higgsfield gpt_image_2_5 (high, 2k) job 9b974f32-3846-4b80-9b69-3a1b370335ae 2026-09-30; file design/icons/glyph_mouse.png; sliced with design/tools/slice-sheet.mjs"
glyph_keyboard_enter,glyph,png-transparent,Enter key glyph,256x256 @2x,STYLE-v1.1 (CORE),"higgsfield gpt_image_2_5 (high, 2k) job 9b974f32-3846-4b80-9b69-3a1b370335ae 2026-09-30; file design/icons/glyph_keyboard_enter.png; sliced with design/tools/slice-sheet.mjs"
glyph_sync_button,glyph,png-transparent,"SYNC button location hint, generic",256x256 @2x,STYLE-v1.1 (CORE),"higgsfield gpt_image_2_5 (high, 2k) job 9b974f32-3846-4b80-9b69-3a1b370335ae 2026-09-30; first version, sliced with design/tools/slice-sheet.mjs, REPLACED 2026-10-01 by the generic glyph of design/icons_v2/glyph_sync_button.png (a neutral button with an arrow; the generation record of that image is not kept); file design/icons/glyph_sync_button.png"
sfx_slice,audio,wav-48k,Fruit slice: short crisp blade swish with juicy thud,0.35 s,n/a,not via Higgsfield (no SFX/music model available); game keeps WebAudio synth
sfx_slice_combo_2,audio,wav-48k,Combo x2 accent,0.5 s,n/a,not via Higgsfield (no SFX/music model available); game keeps WebAudio synth
sfx_slice_combo_3,audio,wav-48k,Combo x3 accent,0.6 s,n/a,not via Higgsfield (no SFX/music model available); game keeps WebAudio synth
sfx_slice_combo_4,audio,wav-48k,"Combo x4+ accent, bright",0.8 s,n/a,not via Higgsfield (no SFX/music model available); game keeps WebAudio synth
sfx_miss,audio,wav-48k,Missed fruit: soft low thud,0.4 s,n/a,not via Higgsfield (no SFX/music model available); game keeps WebAudio synth
sfx_bomb,audio,wav-48k,Bomb hit: deep explosion with paper-tear rattle,1.2 s,n/a,not via Higgsfield (no SFX/music model available); game keeps WebAudio synth
sfx_bomb_fuse,audio,wav-48k,"Fuse sizzle loop, quiet",2.0 s loop,n/a,not via Higgsfield (no SFX/music model available); game keeps WebAudio synth
sfx_golden,audio,wav-48k,Golden apple: shimmer arpeggio,1.2 s,n/a,not via Higgsfield (no SFX/music model available); game keeps WebAudio synth
sfx_freeze,audio,wav-48k,Freeze power-up activation,1.0 s,n/a,not via Higgsfield (no SFX/music model available); game keeps WebAudio synth
sfx_frenzy,audio,wav-48k,Frenzy power-up activation,1.0 s,n/a,not via Higgsfield (no SFX/music model available); game keeps WebAudio synth
sfx_double,audio,wav-48k,Double power-up activation,0.8 s,n/a,not via Higgsfield (no SFX/music model available); game keeps WebAudio synth
sfx_clock,audio,wav-48k,Clock bonus tick,0.6 s,n/a,not via Higgsfield (no SFX/music model available); game keeps WebAudio synth
sfx_ui_click,audio,wav-48k,Menu click: wooden tap,0.15 s,n/a,not via Higgsfield (no SFX/music model available); game keeps WebAudio synth
sfx_ui_focus,audio,wav-48k,Menu focus move: soft paper tick,0.1 s,n/a,not via Higgsfield (no SFX/music model available); game keeps WebAudio synth
sfx_countdown,audio,wav-48k,Countdown tick,0.25 s,n/a,not via Higgsfield (no SFX/music model available); game keeps WebAudio synth
sfx_go,audio,wav-48k,'GO!' gong,1.2 s,n/a,not via Higgsfield (no SFX/music model available); game keeps WebAudio synth
sfx_life_lost,audio,wav-48k,Life lost: low drum,0.8 s,n/a,not via Higgsfield (no SFX/music model available); game keeps WebAudio synth
sfx_game_over,audio,wav-48k,Game over jingle,2.0 s,n/a,not via Higgsfield (no SFX/music model available); game keeps WebAudio synth
sfx_new_record,audio,wav-48k,New record fanfare,2.0 s,n/a,not via Higgsfield (no SFX/music model available); game keeps WebAudio synth
music_menu_loop,audio,ogg-opus,"Menu music: calm shamisen and taiko, seamless loop",40 s loop,n/a,not via Higgsfield (no SFX/music model available); game keeps WebAudio synth
